perturbation,param,group,EER,EER_threshold,ZeroFMR_FMR,ZeroFMR_FNMR,ZeroFMR_threshold,FMR100_FMR,FMR100_FNMR,FMR100_threshold,FMR1000_FMR,FMR1000_FNMR,FMR1000_threshold
S&P,p=0,African,0.05733333333333332,0.3874516487121582,0.0,0.41533333333333333,0.5322272777557373,0.010333333333333333,0.16666666666666663,0.44978970289230347,0.001,0.39,0.5248627066612244
S&P,p=0,Asian,0.05883333333333332,0.3458709716796875,0.0,0.569,0.5556145906448364,0.01,0.16100000000000003,0.4165755808353424,0.001,0.3666666666666667,0.49640047550201416
S&P,p=0,Caucasian,0.04000000000000002,0.3394286632537842,0.0,0.20966666666666667,0.45412489771842957,0.01,0.09399999999999997,0.39099645614624023,0.001,0.18600000000000005,0.4432491064071655
S&P,p=0,Indian,0.053333333333333344,0.35916101932525635,0.0,0.2676666666666667,0.4853648841381073,0.01,0.11066666666666669,0.41072243452072144,0.001,0.22299999999999998,0.46750396490097046
S&P,p=0,overall,0.05449999999999999,0.3601016402244568,0.0,0.5327500000000001,0.5556145906448364,0.01,0.1356666666666667,0.42089518904685974,0.001,0.3159166666666666,0.4944778382778168
S&P,p=0.03,African,0.14766666666666664,0.3900051712989807,0.0,0.794,0.602017879486084,0.01,0.5036666666666667,0.5159299373626709,0.001,0.762,0.5912919044494629
S&P,p=0.03,Asian,0.1333333333333333,0.3198976516723633,0.0,0.8523333333333334,0.6115705966949463,0.01,0.44166666666666665,0.4547038674354553,0.001,0.7296666666666667,0.5536895990371704
S&P,p=0.03,Caucasian,0.11566666666666668,0.34360796213150024,0.0,0.81,0.6002022624015808,0.01,0.3763333333333333,0.46318504214286804,0.001,0.604,0.5293053388595581
S&P,p=0.03,Indian,0.11466666666666668,0.32812342047691345,0.0,0.6763333333333333,0.5480904579162598,0.01,0.3416666666666667,0.44578438997268677,0.001,0.5640000000000001,0.5157287120819092
S&P,p=0.03,overall,0.13604166666666667,0.34944087266921997,0.0,0.8370833333333334,0.6115539073944092,0.01,0.43625,0.47714513540267944,0.001,0.6993333333333334,0.5578952431678772
S&P,p=0.06,African,0.2326666666666667,0.3832826614379883,0.0,0.943,0.6388013362884521,0.009666666666666667,0.6773333333333333,0.5295194387435913,0.001,0.8936666666666666,0.6086390614509583
S&P,p=0.06,Asian,0.19966666666666666,0.2922365367412567,0.0,0.8533333333333333,0.5657349824905396,0.01,0.642,0.47170907258987427,0.001,0.8109999999999999,0.5413678288459778
S&P,p=0.06,Caucasian,0.1725,0.3198654055595398,0.0,0.9233333333333333,0.6210461854934692,0.01,0.5800000000000001,0.4745371341705322,0.001,0.85,0.5775030851364136
S&P,p=0.06,Indian,0.16500000000000004,0.3169737756252289,0.0,0.8049999999999999,0.5636739730834961,0.01,0.47,0.44668877124786377,0.001,0.7583333333333333,0.544380784034729
S&P,p=0.06,overall,0.20233333333333337,0.33129632472991943,0.0,0.9435,0.6388013362884521,0.01,0.6475833333333334,0.4992903172969818,0.001,0.84325,0.5761544704437256
S&P,p=0.09,African,0.29733333333333334,0.3694910407066345,0.0,0.9836666666666667,0.6631342172622681,0.01,0.849,0.557915449142456,0.001,0.944,0.6146305799484253
S&P,p=0.09,Asian,0.23216666666666663,0.26450440287590027,0.0,0.9486666666666667,0.6034514904022217,0.01,0.7346666666666667,0.4686916470527649,0.001,0.8956666666666666,0.5599886178970337
S&P,p=0.09,Caucasian,0.21399999999999997,0.2956102788448334,0.0,0.9233333333333333,0.5814228653907776,0.01,0.725,0.4816184639930725,0.001,0.9036666666666666,0.5685999989509583
S&P,p=0.09,Indian,0.20983333333333332,0.30050647258758545,0.0,0.891,0.5755642652511597,0.01,0.6263333333333334,0.4625089764595032,0.001,0.832,0.542383074760437
S&P,p=0.09,overall,0.24691666666666667,0.3116002082824707,0.0,0.9834166666666667,0.6631342172622681,0.01,0.7731666666666667,0.5100239515304565,0.001,0.9116666666666666,0.5808964967727661
S&P,p=0.12,African,0.3393333333333334,0.3526363968849182,0.0,0.991,0.6694661378860474,0.01,0.9123333333333333,0.5674498081207275,0.001,0.988,0.6585608720779419
S&P,p=0.12,Asian,0.269,0.24910882115364075,0.0,0.9466666666666667,0.578346848487854,0.01,0.798,0.46358197927474976,0.001,0.9373333333333334,0.5657414793968201
S&P,p=0.12,Caucasian,0.2503333333333333,0.27496302127838135,0.0,0.9756666666666667,0.6192353367805481,0.01,0.7933333333333333,0.48076528310775757,0.001,0.9243333333333333,0.5549027323722839
S&P,p=0.12,Indian,0.24666666666666665,0.2896953225135803,0.0,0.962,0.6073801517486572,0.01,0.7043333333333333,0.46137988567352295,0.001,0.883,0.5410666465759277
S&P,p=0.12,overall,0.2831666666666667,0.29593437910079956,0.0,0.9924166666666666,0.6690933108329773,0.01,0.83375,0.5095474123954773,0.001,0.9721666666666666,0.6170766353607178
S&P,p=0.15,African,0.378,0.34669941663742065,0.0,0.9983333333333333,0.7068277597427368,0.009666666666666667,0.9426666666666667,0.5715055465698242,0.001,0.9956666666666667,0.6798105835914612
S&P,p=0.15,Asian,0.2921666666666667,0.23891335725784302,0.0,0.9866666666666667,0.6215997338294983,0.01,0.8220000000000001,0.45363539457321167,0.001,0.973,0.5816586017608643
S&P,p=0.15,Caucasian,0.2825,0.26729637384414673,0.0,0.9923333333333333,0.6427778005599976,0.01,0.8653333333333333,0.4918084144592285,0.001,0.9783333333333333,0.5912405252456665
S&P,p=0.15,Indian,0.279,0.2802640199661255,0.0,0.967,0.593406081199646,0.01,0.7843333333333333,0.47130173444747925,0.001,0.9346666666666666,0.5604473948478699
S&P,p=0.15,overall,0.31354166666666666,0.28606748580932617,0.0,0.9989166666666667,0.7053862810134888,0.01,0.8908333333333334,0.5186920166015625,0.001,0.97675,0.6038310527801514
S&P,p=0.18,African,0.4148333333333334,0.3478887677192688,0.0,0.9973333333333333,0.6939516067504883,0.009666666666666667,0.9666666666666667,0.5901587009429932,0.001,0.995,0.6712453365325928
S&P,p=0.18,Asian,0.32466666666666666,0.23416870832443237,0.0,0.998,0.6820677518844604,0.01,0.8826666666666667,0.47637492418289185,0.001,0.9663333333333334,0.5650979280471802
S&P,p=0.18,Caucasian,0.3105,0.2628104090690613,0.0,0.9916666666666667,0.6380149126052856,0.01,0.9126666666666666,0.5106263160705566,0.001,0.985,0.6077589988708496
S&P,p=0.18,Indian,0.3065,0.2809479832649231,0.0,0.98,0.602186918258667,0.01,0.8523333333333334,0.49262183904647827,0.001,0.9653333333333334,0.5735698938369751
S&P,p=0.18,overall,0.3424166666666667,0.2840813994407654,0.0,0.9985,0.6939516067504883,0.01,0.9359999999999999,0.5402781963348389,0.0010833333333333333,0.988,0.6220401525497437
S&P,p=0.21,African,0.42933333333333334,0.3598231077194214,0.0,0.997,0.7071266174316406,0.01,0.976,0.6199871301651001,0.0013333333333333333,0.996,0.6779786348342896
S&P,p=0.21,Asian,0.34550000000000003,0.24289429187774658,0.0,0.9873333333333333,0.6193574070930481,0.009666666666666667,0.922,0.5015382766723633,0.001,0.9873333333333333,0.6154541969299316
S&P,p=0.21,Caucasian,0.33599999999999997,0.2748802900314331,0.0,0.994,0.6526708602905273,0.01,0.9273333333333333,0.5331122875213623,0.001,0.9853333333333333,0.6211291551589966
S&P,p=0.21,Indian,0.3335,0.28847092390060425,0.0,0.9936666666666667,0.6479741334915161,0.010333333333333333,0.898,0.5149579644203186,0.001,0.976,0.594406008720398
S&P,p=0.21,overall,0.36591666666666667,0.29354211688041687,0.0,0.9984166666666666,0.7045027017593384,0.009916666666666667,0.9576666666666667,0.5727599263191223,0.001,0.9951666666666666,0.6628118753433228
S&P,p=0.24,African,0.4421666666666667,0.3865794837474823,0.0,1.0,inf,0.01,0.9796666666666667,0.6559964418411255,0.001,0.9983333333333333,0.7401442527770996
S&P,p=0.24,Asian,0.37666666666666665,0.2650318741798401,0.0,0.9873333333333333,0.6385236978530884,0.01,0.9583333333333334,0.5541737079620361,0.001,0.9863333333333333,0.6313247680664062
S&P,p=0.24,Caucasian,0.3666666666666667,0.3023914396762848,0.0,0.9993333333333333,0.758949875831604,0.009666666666666667,0.961,0.5908557176589966,0.001,0.9973333333333333,0.6911843419075012
S&P,p=0.24,Indian,0.3556666666666667,0.30721601843833923,0.0,0.9956666666666667,0.6785014271736145,0.009666666666666667,0.9513333333333334,0.5719670057296753,0.0013333333333333333,0.995,0.6659590005874634
S&P,p=0.24,overall,0.391,0.3172711133956909,0.0,1.0,inf,0.009916666666666667,0.9723333333333334,0.6134384870529175,0.001,0.9961666666666666,0.6953732967376709
S&P,p=0.27,African,0.4591666666666667,0.428522527217865,0.0,0.9993333333333333,0.8216637372970581,0.01,0.985,0.7107454538345337,0.0013333333333333333,0.9983333333333333,0.7778137922286987
S&P,p=0.27,Asian,0.39949999999999997,0.3048062324523926,0.0,0.9993333333333333,0.7833259105682373,0.01,0.9716666666666667,0.6175318956375122,0.001,0.9953333333333333,0.707889199256897
S&P,p=0.27,Caucasian,0.404,0.3447151780128479,0.0,0.998,0.781089723110199,0.01,0.9686666666666667,0.6427977085113525,0.001,0.9966666666666667,0.7423042058944702
S&P,p=0.27,Indian,0.3836666666666667,0.3386232852935791,0.0,0.999,0.7673158645629883,0.01,0.977,0.633739173412323,0.001,0.9953333333333333,0.7031241655349731
S&P,p=0.27,overall,0.41325,0.3551015257835388,0.0,0.9994166666666666,0.8172464966773987,0.009916666666666667,0.9808333333333333,0.6687443256378174,0.001,0.9975833333333334,0.754111111164093
S&P,p=0.3,African,0.46799999999999997,0.478640079498291,0.0,0.9996666666666667,0.8444366455078125,0.01,0.9846666666666667,0.7466737031936646,0.0006666666666666666,0.9993333333333333,0.8111573457717896
S&P,p=0.3,Asian,0.42233333333333334,0.35902833938598633,0.0,0.9996666666666667,0.8123535513877869,0.009666666666666667,0.977,0.6756737232208252,0.001,0.9946666666666667,0.757337749004364
S&P,p=0.3,Caucasian,0.42733333333333334,0.40005457401275635,0.0,0.9993333333333333,0.8232267498970032,0.01,0.979,0.7031866312026978,0.001,0.999,0.787984311580658
S&P,p=0.3,Indian,0.4073333333333333,0.3832859694957733,0.0,0.9996666666666667,0.8000026941299438,0.009666666666666667,0.983,0.682182788848877,0.001,0.999,0.7726891040802002
S&P,p=0.3,overall,0.433375,0.40645474195480347,0.0,0.9998333333333334,0.8352121114730835,0.010083333333333333,0.9823333333333333,0.7137553691864014,0.001,0.99825,0.7896463871002197
brightness,β=0.05,African,0.2843333333333333,0.35915300250053406,0.0,0.9883333333333333,0.7293105125427246,0.01,0.7696666666666667,0.5531928539276123,0.001,0.949,0.6600201725959778
brightness,β=0.05,Asian,0.22983333333333333,0.34857457876205444,0.0,0.9246666666666666,0.6749720573425293,0.01,0.6703333333333333,0.5384563207626343,0.001,0.8926666666666667,0.6481314897537231
brightness,β=0.05,Caucasian,0.21433333333333335,0.3268812894821167,0.0,0.9983333333333333,0.8378117084503174,0.01,0.6623333333333333,0.5185033082962036,0.001,0.88,0.6279307007789612
brightness,β=0.05,Indian,0.21666666666666667,0.35138770937919617,0.0,0.7733333333333333,0.5867522954940796,0.01,0.5916666666666667,0.5121350884437561,0.001,0.74,0.5705130100250244
brightness,β=0.05,overall,0.23891666666666667,0.3464256227016449,0.0,0.99825,0.8378117084503174,0.01,0.6805833333333333,0.5329536199569702,0.001,0.8834166666666666,0.6309605240821838
brightness,β=0.1,African,0.14700000000000002,0.3843456506729126,0.0,0.8066666666666666,0.614352822303772,0.009666666666666667,0.4936666666666667,0.5162949562072754,0.001,0.7216666666666667,0.5837575197219849
brightness,β=0.1,Asian,0.1376666666666667,0.36336755752563477,0.0,0.8029999999999999,0.6240444779396057,0.01,0.46399999999999997,0.5002889633178711,0.001,0.6976666666666667,0.5837862491607666
brightness,β=0.1,Caucasian,0.11099999999999999,0.35261988639831543,0.0,0.604,0.5473557114601135,0.01,0.3706666666666667,0.4738013744354248,0.001,0.5606666666666666,0.5353962182998657
brightness,β=0.1,Indian,0.12266666666666665,0.36729860305786133,0.0,0.5786666666666667,0.5520888566970825,0.01,0.3476666666666667,0.4794580936431885,0.001,0.5086666666666666,0.529730498790741
brightness,β=0.1,overall,0.13275000000000003,0.3683820366859436,0.0,0.8071666666666667,0.6238510608673096,0.01,0.41774999999999995,0.4921993613243103,0.001,0.6425833333333333,0.5636279582977295
brightness,β=0.15,African,0.10633333333333331,0.3883829712867737,0.0,0.6103333333333334,0.5637780427932739,0.01,0.369,0.4991742670536041,0.001,0.5996666666666667,0.559747040271759
brightness,β=0.15,Asian,0.10399999999999998,0.3631817698478699,0.0,0.6699999999999999,0.5842514634132385,0.01,0.3533333333333334,0.4783475995063782,0.001,0.603,0.5606443881988525
brightness,β=0.15,Caucasian,0.08599999999999998,0.3546122610569,0.0,0.5103333333333333,0.5363192558288574,0.01,0.2473333333333333,0.44695690274238586,0.001,0.4833333333333333,0.5294238328933716
brightness,β=0.15,Indian,0.095,0.3670195937156677,0.0,0.3923333333333333,0.5110678672790527,0.01,0.258,0.46016252040863037,0.001,0.375,0.505195677280426
brightness,β=0.15,overall,0.09920833333333332,0.3702346086502075,0.0,0.6663333333333333,0.5841847658157349,0.01,0.3051666666666667,0.47304245829582214,0.001,0.5188333333333333,0.5400180816650391
brightness,β=0.2,African,0.08933333333333335,0.3892655670642853,0.0,0.5563333333333333,0.5564473867416382,0.01,0.30566666666666664,0.48873865604400635,0.001,0.5183333333333333,0.5454037189483643
brightness,β=0.2,Asian,0.09049999999999998,0.35995393991470337,0.0,0.604,0.5652792453765869,0.01,0.2816666666666666,0.4622928500175476,0.001,0.4813333333333333,0.52805095911026
brightness,β=0.2,Caucasian,0.06916666666666664,0.35308873653411865,0.0,0.44566666666666666,0.5259103775024414,0.009666666666666667,0.18933333333333335,0.4328690469264984,0.001,0.41666666666666663,0.5175217986106873
brightness,β=0.2,Indian,0.0795,0.36698251962661743,0.0,0.3813333333333333,0.5151571035385132,0.01,0.21166666666666667,0.44850802421569824,0.001,0.30966666666666665,0.489091694355011
brightness,β=0.2,overall,0.083625,0.3696601390838623,0.0,0.5853333333333333,0.5652792453765869,0.01,0.25,0.4611200988292694,0.001,0.4668333333333333,0.5317831635475159
brightness,β=0.25,African,0.08133333333333334,0.39075967669487,0.0,0.4933333333333333,0.5432096719741821,0.01,0.268,0.4808787703514099,0.001,0.4686666666666667,0.5368191003799438
brightness,β=0.25,Asian,0.08299999999999999,0.35931748151779175,0.0,0.4693333333333334,0.527173638343811,0.01,0.2446666666666667,0.45060408115386963,0.001,0.44266666666666665,0.5181184411048889
brightness,β=0.25,Caucasian,0.06066666666666666,0.3518698215484619,0.0,0.382,0.5096148252487183,0.01,0.15700000000000003,0.4210359454154968,0.001,0.33766666666666667,0.49470457434654236
brightness,β=0.25,Indian,0.07133333333333335,0.36513176560401917,0.0,0.3393333333333334,0.503751814365387,0.009666666666666667,0.17700000000000005,0.4374956786632538,0.001,0.29266666666666663,0.4841286242008209
brightness,β=0.25,overall,0.07516666666666669,0.36777496337890625,0.0,0.49550000000000005,0.5430792570114136,0.01,0.21783333333333332,0.45185765624046326,0.001,0.4321666666666667,0.525266170501709
brightness,β=0.5,African,0.06633333333333334,0.3871619701385498,0.0,0.5803333333333334,0.5698331594467163,0.01,0.19299999999999995,0.46036356687545776,0.001,0.363,0.5162045359611511
brightness,β=0.5,Asian,0.06733333333333334,0.35158705711364746,0.0,0.5523333333333333,0.5546659231185913,0.009666666666666667,0.18633333333333335,0.43009912967681885,0.001,0.31200000000000006,0.4818538725376129
brightness,β=0.5,Caucasian,0.04566666666666665,0.3438813090324402,0.0,0.20399999999999996,0.45186883211135864,0.01,0.10066666666666668,0.3946669101715088,0.001,0.18766666666666665,0.44577425718307495
brightness,β=0.5,Indian,0.059000000000000025,0.3630920648574829,0.0,0.30433333333333334,0.49419641494750977,0.01,0.1253333333333333,0.4174734652042389,0.001,0.276,0.4845220446586609
brightness,β=0.5,overall,0.060125000000000026,0.3641079068183899,0.0,0.58325,0.5698331594467163,0.01,0.15816666666666668,0.4323541224002838,0.001,0.31575,0.4941401779651642
brightness,β=0.75,African,0.05750000000000001,0.3861968219280243,0.0,0.4766666666666667,0.5468443632125854,0.01,0.15866666666666662,0.44926920533180237,0.001,0.3833333333333333,0.5238394737243652
brightness,β=0.75,Asian,0.060000000000000026,0.34750789403915405,0.0,0.5549999999999999,0.5547295212745667,0.01,0.16566666666666663,0.4198392629623413,0.001,0.31000000000000005,0.47979241609573364
brightness,β=0.75,Caucasian,0.03966666666666665,0.3404064178466797,0.0,0.21033333333333337,0.4541877508163452,0.01,0.09799999999999998,0.39356744289398193,0.0013333333333333333,0.15933333333333333,0.43335962295532227
brightness,β=0.75,Indian,0.05633333333333334,0.36051422357559204,0.0,0.30533333333333335,0.4962136745452881,0.01,0.10999999999999999,0.4125864803791046,0.001,0.2543333333333333,0.4795473515987396
brightness,β=0.75,overall,0.056208333333333346,0.36134204268455505,0.0,0.5278333333333334,0.5546205043792725,0.01,0.13716666666666666,0.4226689338684082,0.001,0.3038333333333333,0.4905118942260742
brightness,β=0.8,African,0.05716666666666669,0.387067049741745,0.0,0.45699999999999996,0.5423049330711365,0.01,0.15333333333333332,0.4465256929397583,0.001,0.38,0.5228076577186584
brightness,β=0.8,Asian,0.05899999999999999,0.34689927101135254,0.0,0.558,0.5551625490188599,0.01,0.16866666666666663,0.42046278715133667,0.001,0.31599999999999995,0.48168981075286865
brightness,β=0.8,Caucasian,0.040166666666666684,0.33942246437072754,0.0,0.20366666666666666,0.4520987868309021,0.01,0.09966666666666668,0.3950636386871338,0.001,0.16566666666666663,0.4365098774433136
brightness,β=0.8,Indian,0.054666666666666655,0.3606305420398712,0.0,0.29300000000000004,0.49354439973831177,0.01,0.10799999999999998,0.4100872874259949,0.001,0.255,0.4795536994934082
brightness,β=0.8,overall,0.055666666666666656,0.3609046936035156,0.0,0.5304166666666666,0.5551625490188599,0.01,0.13808333333333334,0.42269572615623474,0.001,0.30541666666666667,0.4913594126701355
brightness,β=0.85,African,0.05633333333333334,0.3870009183883667,0.0,0.43633333333333335,0.5385891199111938,0.01,0.15566666666666662,0.44642186164855957,0.001,0.3883333333333333,0.525399923324585
brightness,β=0.85,Asian,0.05933333333333334,0.34692883491516113,0.0,0.562,0.5553098320960999,0.01,0.16800000000000004,0.4204918146133423,0.001,0.32633333333333336,0.4842056632041931
brightness,β=0.85,Caucasian,0.03916666666666667,0.33964866399765015,0.0,0.19833333333333336,0.44971340894699097,0.01,0.09733333333333338,0.39341574907302856,0.001,0.17233333333333334,0.4386404752731323
brightness,β=0.85,Indian,0.05433333333333334,0.35937291383743286,0.0,0.2783333333333333,0.48953306674957275,0.01,0.10933333333333328,0.4105997085571289,0.001,0.2516666666666667,0.47864776849746704
brightness,β=0.85,overall,0.05529166666666667,0.36076343059539795,0.0,0.53075,0.5551714897155762,0.01,0.13716666666666666,0.42257755994796753,0.001,0.2995,0.48967650532722473
brightness,β=0.9,African,0.055666666666666656,0.3863328695297241,0.0,0.42533333333333334,0.535866379737854,0.01,0.16133333333333333,0.44815629720687866,0.001,0.3953333333333333,0.5271751880645752
brightness,β=0.9,Asian,0.05749999999999999,0.3465583026409149,0.0,0.5726666666666667,0.5575242042541504,0.009666666666666667,0.16433333333333333,0.4184560775756836,0.001,0.33333333333333337,0.48589253425598145
brightness,β=0.9,Caucasian,0.03999999999999998,0.3400164246559143,0.0,0.19399999999999995,0.44768816232681274,0.01,0.09566666666666668,0.39232558012008667,0.001,0.17566666666666664,0.4402496814727783
brightness,β=0.9,Indian,0.05500000000000002,0.3590927720069885,0.0,0.2633333333333333,0.4831475615501404,0.01,0.10999999999999999,0.4109687805175781,0.001,0.245,0.4747243821620941
brightness,β=0.9,overall,0.05508333333333336,0.36063191294670105,0.0,0.53925,0.5574547648429871,0.01,0.1353333333333333,0.42099031805992126,0.001,0.29566666666666663,0.48841679096221924
brightness,β=0.95,African,0.05583333333333336,0.3868417739868164,0.0,0.41833333333333333,0.5336384773254395,0.01,0.16566666666666663,0.44947952032089233,0.001,0.39,0.524989128112793
brightness,β=0.95,Asian,0.05683333333333336,0.34578412771224976,0.0,0.575,0.5578750371932983,0.01,0.15700000000000003,0.4144887328147888,0.001,0.3486666666666667,0.490661084651947
brightness,β=0.95,Caucasian,0.03900000000000002,0.33929508924484253,0.0,0.20066666666666666,0.44927436113357544,0.01,0.09366666666666668,0.390828013420105,0.001,0.17966666666666664,0.442076176404953
brightness,β=0.95,Indian,0.05366666666666667,0.35906028747558594,0.0,0.264,0.4843321144580841,0.01,0.11099999999999999,0.41088154911994934,0.001,0.2316666666666667,0.4705590009689331
brightness,β=0.95,overall,0.05508333333333335,0.3606313169002533,0.0,0.54125,0.5578160285949707,0.01,0.1346666666666667,0.4207274913787842,0.001,0.30066666666666664,0.4897088408470154
brightness,β=1,African,0.05733333333333332,0.3874516487121582,0.0,0.41533333333333333,0.5322272777557373,0.010333333333333333,0.16666666666666663,0.44978970289230347,0.001,0.39,0.5248627066612244
brightness,β=1,Asian,0.05883333333333332,0.3458709716796875,0.0,0.569,0.5556145906448364,0.01,0.16100000000000003,0.4165755808353424,0.001,0.3666666666666667,0.49640047550201416
brightness,β=1,Caucasian,0.04000000000000002,0.3394286632537842,0.0,0.20966666666666667,0.45412489771842957,0.01,0.09399999999999997,0.39099645614624023,0.001,0.18600000000000005,0.4432491064071655
brightness,β=1,Indian,0.053333333333333344,0.35916101932525635,0.0,0.2676666666666667,0.4853648841381073,0.01,0.11066666666666669,0.41072243452072144,0.001,0.22299999999999998,0.46750396490097046
brightness,β=1,overall,0.05449999999999999,0.3601016402244568,0.0,0.5327500000000001,0.5556145906448364,0.01,0.1356666666666667,0.42089518904685974,0.001,0.3159166666666666,0.4944778382778168
brightness,β=1.05,African,0.05650000000000001,0.386496901512146,0.0,0.42300000000000004,0.5342445373535156,0.009666666666666667,0.17066666666666663,0.45198479294776917,0.001,0.393,0.5260611176490784
brightness,β=1.05,Asian,0.05766666666666667,0.3448339104652405,0.0,0.5800000000000001,0.5586127042770386,0.01,0.15666666666666662,0.41385573148727417,0.001,0.3793333333333333,0.4996829330921173
brightness,β=1.05,Caucasian,0.040166666666666684,0.3391607999801636,0.0,0.20199999999999996,0.44930464029312134,0.009666666666666667,0.09666666666666668,0.3932013213634491,0.001,0.18566666666666665,0.4430532455444336
brightness,β=1.05,Indian,0.05450000000000001,0.3603413701057434,0.0,0.30300000000000005,0.49798595905303955,0.01,0.11099999999999999,0.4118949770927429,0.001,0.2563333333333333,0.48146629333496094
brightness,β=1.05,overall,0.054583333333333324,0.3595382571220398,0.0,0.5445,0.5584650039672852,0.01,0.14400000000000002,0.4244188070297241,0.001,0.3274166666666667,0.4978407919406891
brightness,β=1.1,African,0.05833333333333334,0.3867206573486328,0.0,0.42233333333333334,0.5337997674942017,0.009666666666666667,0.17200000000000004,0.4526863992214203,0.001,0.395,0.5265879034996033
brightness,β=1.1,Asian,0.05716666666666667,0.34472841024398804,0.0,0.585,0.5586782693862915,0.01,0.16000000000000003,0.41263383626937866,0.001,0.3933333333333333,0.5018877983093262
brightness,β=1.1,Caucasian,0.03916666666666668,0.3392273485660553,0.0,0.2446666666666667,0.4648761749267578,0.01,0.09999999999999998,0.3929961323738098,0.001,0.18566666666666665,0.44005656242370605
brightness,β=1.1,Indian,0.053333333333333344,0.35778844356536865,0.0,0.29366666666666663,0.4942752718925476,0.009333333333333334,0.1176666666666667,0.4143841862678528,0.001,0.256,0.48180311918258667
brightness,β=1.1,overall,0.05570833333333332,0.35888826847076416,0.0,0.5483333333333333,0.5585760474205017,0.01,0.14583333333333337,0.42471927404403687,0.001,0.32025000000000003,0.49425286054611206
brightness,β=1.15,African,0.05833333333333334,0.3869800269603729,0.0,0.42566666666666664,0.5346910357475281,0.01,0.17600000000000005,0.4538770318031311,0.001,0.3993333333333333,0.5280839204788208
brightness,β=1.15,Asian,0.05933333333333332,0.3428494930267334,0.0,0.7026666666666667,0.5931437015533447,0.01,0.16933333333333334,0.41257408261299133,0.001,0.3673333333333333,0.4919034540653229
brightness,β=1.15,Caucasian,0.04133333333333333,0.3410179913043976,0.0,0.276,0.47365695238113403,0.01,0.09666666666666668,0.3879077434539795,0.001,0.18466666666666665,0.4363022446632385
brightness,β=1.15,Indian,0.05583333333333336,0.3561249375343323,0.0,0.2763333333333333,0.487229585647583,0.01,0.125,0.41680681705474854,0.001,0.2386666666666667,0.47181808948516846
brightness,β=1.15,overall,0.05741666666666667,0.35892221331596375,0.0,0.6765833333333333,0.5930207967758179,0.01,0.15183333333333338,0.4244367480278015,0.001,0.3190833333333334,0.4922131896018982
brightness,β=1.2,African,0.05833333333333334,0.3861338496208191,0.0,0.42933333333333334,0.534532904624939,0.01,0.18133333333333335,0.4560393691062927,0.001,0.3966666666666666,0.5272225737571716
brightness,β=1.2,Asian,0.06666666666666665,0.3421178460121155,0.0,0.8266666666666667,0.6370198726654053,0.01,0.18799999999999994,0.41876450181007385,0.001,0.3503333333333334,0.48384130001068115
brightness,β=1.2,Caucasian,0.043166666666666687,0.3384678065776825,0.0,0.32033333333333336,0.4844193756580353,0.009666666666666667,0.09799999999999998,0.386559396982193,0.001,0.22433333333333338,0.44878143072128296
brightness,β=1.2,Indian,0.060833333333333336,0.35603851079940796,0.0,0.29500000000000004,0.48953956365585327,0.01,0.1413333333333333,0.420512318611145,0.001,0.2816666666666666,0.48489031195640564
brightness,β=1.2,overall,0.06099999999999998,0.35806506872177124,0.0,0.8179166666666666,0.6369044184684753,0.01,0.16225,0.4266616702079773,0.001,0.3231666666666667,0.4913139343261719
brightness,β=1.25,African,0.058000000000000024,0.3865358829498291,0.0,0.42966666666666664,0.53493332862854,0.01,0.18000000000000005,0.453619122505188,0.001,0.3933333333333333,0.5250837802886963
brightness,β=1.25,Asian,0.06899999999999998,0.33869844675064087,0.0,0.765,0.6092401742935181,0.009666666666666667,0.20233333333333337,0.4202768802642822,0.001,0.44699999999999995,0.5093028545379639
brightness,β=1.25,Caucasian,0.04716666666666667,0.3343358039855957,0.0,0.269,0.463845431804657,0.01,0.11533333333333329,0.3892759680747986,0.001,0.247,0.45513370633125305
brightness,β=1.25,Indian,0.06383333333333333,0.35394400358200073,0.0,0.31233333333333335,0.49349385499954224,0.01,0.1423333333333333,0.4179515838623047,0.001,0.277,0.4810743033885956
brightness,β=1.25,overall,0.06370833333333331,0.3573474884033203,0.0,0.7411666666666666,0.6092143058776855,0.01,0.16933333333333334,0.42733022570610046,0.001,0.3470833333333333,0.49681752920150757
brightness,β=1.5,African,0.0668333333333333,0.3867325186729431,0.0,0.45666666666666667,0.5370615720748901,0.01,0.18899999999999995,0.4533981680870056,0.001,0.3966666666666666,0.5228402018547058
brightness,β=1.5,Asian,0.10999999999999999,0.32414543628692627,0.0,0.9086666666666666,0.6615564227104187,0.01,0.2876666666666666,0.4233285188674927,0.001,0.502,0.5017412900924683
brightness,β=1.5,Caucasian,0.07466666666666666,0.3175453543663025,0.0,0.42566666666666664,0.48704996705055237,0.01,0.20933333333333337,0.40719354152679443,0.001,0.3456666666666667,0.45916008949279785
brightness,β=1.5,Indian,0.08716666666666668,0.34501612186431885,0.0,0.42966666666666664,0.5056794881820679,0.01,0.22699999999999998,0.4308915138244629,0.001,0.3876666666666667,0.49355509877204895
brightness,β=1.5,overall,0.08937500000000002,0.34395891427993774,0.0,0.9021666666666667,0.6614439487457275,0.01,0.23941666666666672,0.43303847312927246,0.001,0.42808333333333337,0.5017412900924683
brightness,β=1.75,African,0.07766666666666666,0.38263875246047974,0.0,0.5476666666666667,0.5545381307601929,0.01,0.21799999999999997,0.4599977731704712,0.001,0.4043333333333333,0.5179795026779175
brightness,β=1.75,Asian,0.14750000000000002,0.30555373430252075,0.0,0.9196666666666666,0.6539545655250549,0.01,0.45599999999999996,0.44814515113830566,0.001,0.6606666666666667,0.5265231132507324
brightness,β=1.75,Caucasian,0.11866666666666668,0.29571688175201416,0.0,0.7110000000000001,0.5449358820915222,0.01,0.31633333333333336,0.4104991555213928,0.001,0.4906666666666667,0.47429358959198
brightness,β=1.75,Indian,0.1295,0.32486677169799805,0.0,0.6413333333333333,0.5423400402069092,0.01,0.3363333333333334,0.4387965798377991,0.001,0.5756666666666667,0.5226492285728455
brightness,β=1.75,overall,0.1263333333333333,0.32794615626335144,0.0,0.9136666666666666,0.6539482474327087,0.01,0.3446666666666667,0.44365164637565613,0.001,0.5510833333333334,0.5164032578468323
brightness,β=2,African,0.08933333333333335,0.37899360060691833,0.0,0.6186666666666667,0.5650874972343445,0.01,0.26,0.4636947214603424,0.001,0.5803333333333334,0.5549623966217041
brightness,β=2,Asian,0.19799999999999998,0.2855602502822876,0.0,0.947,0.6581863164901733,0.01,0.636,0.486763596534729,0.001,0.8736666666666667,0.6026678085327148
brightness,β=2,Caucasian,0.16400000000000003,0.27406689524650574,0.0,0.7113333333333334,0.5149818658828735,0.009666666666666667,0.43200000000000005,0.41141027212142944,0.001,0.679,0.5005297660827637
brightness,β=2,Indian,0.17166666666666663,0.31030917167663574,0.0,0.952,0.6644023656845093,0.01,0.45533333333333337,0.4485135078430176,0.001,0.7133333333333334,0.5379290580749512
brightness,β=2,overall,0.16595833333333335,0.31283050775527954,0.0,0.9448333333333333,0.6641949415206909,0.01,0.44499999999999995,0.45235931873321533,0.001,0.7119166666666666,0.5472506284713745
brightness,β=2.5,African,0.12216666666666667,0.3642151653766632,0.0,0.737,0.5758170485496521,0.009666666666666667,0.3586666666666667,0.4692704677581787,0.001,0.5493333333333333,0.5225104093551636
brightness,β=2.5,Asian,0.266,0.2643658518791199,0.0,0.9946666666666667,0.7655398845672607,0.01,0.8576666666666667,0.561792254447937,0.0013333333333333333,0.9893333333333333,0.7377310395240784
brightness,β=2.5,Caucasian,0.2416666666666667,0.2330198436975479,0.0,0.999,0.7636507749557495,0.01,0.644,0.42446041107177734,0.001,0.9566666666666667,0.6193583607673645
brightness,β=2.5,Indian,0.25083333333333335,0.2756461203098297,0.0,0.995,0.7213996648788452,0.01,0.6699999999999999,0.4738881587982178,0.001,0.9333333333333333,0.6110522747039795
brightness,β=2.5,overall,0.23662500000000003,0.2860880196094513,0.0,0.99725,0.7654261589050293,0.01,0.6407499999999999,0.47995758056640625,0.001,0.9460833333333334,0.6414003372192383
brightness,β=3,African,0.15466666666666665,0.3471065163612366,0.0,0.6946666666666667,0.5362904071807861,0.01,0.45899999999999996,0.4657910168170929,0.001,0.6759999999999999,0.5291196703910828
brightness,β=3,Asian,0.31733333333333336,0.25626060366630554,0.0,0.9983333333333333,0.8537461161613464,0.01,0.943,0.6253284811973572,0.001,0.9976666666666667,0.8173427581787109
brightness,β=3,Caucasian,0.29466666666666663,0.21403717994689941,0.0,1.0,inf,0.01,0.8633333333333333,0.5031489133834839,0.001,0.999,0.8123827576637268
brightness,β=3,Indian,0.3005,0.25269946455955505,0.0,0.9993333333333333,0.8266736268997192,0.01,0.8593333333333333,0.5307179689407349,0.001,0.9936666666666667,0.7154058218002319
brightness,β=3,overall,0.2871666666666667,0.26996272802352905,0.0,0.9999166666666667,1.0000001192092896,0.01,0.82725,0.5352096557617188,0.001,0.9908333333333333,0.7256447076797485
contrast,α=0.2,African,0.1366666666666667,0.3785451650619507,0.0,0.6826666666666666,0.574625551700592,0.01,0.41900000000000004,0.4972646236419678,0.001,0.577,0.5434853434562683
contrast,α=0.2,Asian,0.12033333333333332,0.3593630790710449,0.0,0.7846666666666666,0.6201733946800232,0.01,0.3793333333333333,0.4830595850944519,0.001,0.6293333333333333,0.5654070377349854
contrast,α=0.2,Caucasian,0.09066666666666667,0.3522990345954895,0.0,0.4916666666666667,0.5233687162399292,0.009666666666666667,0.279,0.44837450981140137,0.001,0.43200000000000005,0.5043147206306458
contrast,α=0.2,Indian,0.10100000000000003,0.3761945962905884,0.0,0.4693333333333334,0.5357756614685059,0.01,0.2593333333333333,0.4654980003833771,0.001,0.44299999999999995,0.5268063545227051
contrast,α=0.2,overall,0.1134166666666667,0.36855995655059814,0.0,0.7861666666666667,0.6201733946800232,0.01,0.3274166666666667,0.4724244475364685,0.001,0.5294166666666666,0.5376541018486023
contrast,α=0.4,African,0.07683333333333331,0.38793399930000305,0.0,0.5536666666666666,0.5607997179031372,0.009666666666666667,0.23033333333333328,0.4695945978164673,0.001,0.4076666666666666,0.523395299911499
contrast,α=0.4,Asian,0.07433333333333335,0.3589031398296356,0.0,0.5246666666666666,0.5476833581924438,0.01,0.21633333333333338,0.44124937057495117,0.001,0.359,0.499069482088089
contrast,α=0.4,Caucasian,0.0505,0.34949183464050293,0.0,0.3453333333333334,0.501707911491394,0.01,0.1273333333333333,0.41451215744018555,0.001,0.2693333333333333,0.47541865706443787
contrast,α=0.4,Indian,0.060000000000000026,0.37334519624710083,0.0,0.3566666666666667,0.5173767805099487,0.010333333333333333,0.14400000000000002,0.4340214729309082,0.001,0.30600000000000005,0.4991500973701477
contrast,α=0.4,overall,0.06595833333333331,0.3698400855064392,0.0,0.5474166666666667,0.5607997179031372,0.01,0.18933333333333335,0.445069283246994,0.001,0.3596666666666667,0.5074666738510132
contrast,α=0.6,African,0.0645,0.38605526089668274,0.0,0.4793333333333333,0.5470625162124634,0.01,0.19433333333333336,0.46022677421569824,0.001,0.4093333333333333,0.5294455289840698
contrast,α=0.6,Asian,0.06433333333333335,0.3535690903663635,0.0,0.5776666666666667,0.5621363520622253,0.01,0.16366666666666663,0.42067956924438477,0.001,0.388,0.5066238641738892
contrast,α=0.6,Caucasian,0.0435,0.34161174297332764,0.0,0.2476666666666667,0.4701421856880188,0.009666666666666667,0.09799999999999998,0.39853164553642273,0.001,0.17300000000000004,0.4397237300872803
contrast,α=0.6,Indian,0.05216666666666665,0.36656296253204346,0.0,0.32899999999999996,0.5107691884040833,0.009666666666666667,0.1236666666666667,0.42476949095726013,0.001,0.2836666666666666,0.495761513710022
contrast,α=0.6,overall,0.058625,0.36554670333862305,0.0,0.5484166666666667,0.5621363520622253,0.01,0.1469166666666667,0.4295855462551117,0.001,0.33099999999999996,0.5015085339546204
contrast,α=0.8,African,0.059000000000000025,0.38763129711151123,0.0,0.43200000000000005,0.5376243591308594,0.01,0.16366666666666663,0.44933438301086426,0.001,0.372,0.5214715003967285
contrast,α=0.8,Asian,0.05916666666666667,0.35148733854293823,0.0,0.5733333333333333,0.5593562126159668,0.01,0.16233333333333333,0.41916871070861816,0.001,0.3806666666666667,0.5017405152320862
contrast,α=0.8,Caucasian,0.04000000000000002,0.34302711486816406,0.0,0.21333333333333337,0.45777952671051025,0.01,0.09866666666666668,0.3965134024620056,0.001,0.16566666666666663,0.43770861625671387
contrast,α=0.8,Indian,0.052333333333333315,0.3628757894039154,0.0,0.28400000000000003,0.4962556064128876,0.01,0.11333333333333329,0.4198554456233978,0.001,0.242,0.47913098335266113
contrast,α=0.8,overall,0.05533333333333334,0.36293870210647583,0.0,0.5389166666666667,0.559022068977356,0.009916666666666667,0.14,0.4259832501411438,0.001,0.2985833333333333,0.49099573493003845
contrast,α=1,African,0.05733333333333332,0.3874516487121582,0.0,0.41533333333333333,0.5322272777557373,0.010333333333333333,0.16666666666666663,0.44978970289230347,0.001,0.39,0.5248627066612244
contrast,α=1,Asian,0.05883333333333332,0.3458709716796875,0.0,0.569,0.5556145906448364,0.01,0.16100000000000003,0.4165755808353424,0.001,0.3666666666666667,0.49640047550201416
contrast,α=1,Caucasian,0.04000000000000002,0.3394286632537842,0.0,0.20966666666666667,0.45412489771842957,0.01,0.09399999999999997,0.39099645614624023,0.001,0.18600000000000005,0.4432491064071655
contrast,α=1,Indian,0.053333333333333344,0.35916101932525635,0.0,0.2676666666666667,0.4853648841381073,0.01,0.11066666666666669,0.41072243452072144,0.001,0.22299999999999998,0.46750396490097046
contrast,α=1,overall,0.05449999999999999,0.3601016402244568,0.0,0.5327500000000001,0.5556145906448364,0.01,0.1356666666666667,0.42089518904685974,0.001,0.3159166666666666,0.4944778382778168
contrast,α=1.2,African,0.06150000000000001,0.3830030560493469,0.0,0.4793333333333333,0.5437120795249939,0.01,0.17466666666666664,0.4485076367855072,0.001,0.3926666666666667,0.5213110446929932
contrast,α=1.2,Asian,0.05916666666666667,0.34332185983657837,0.0,0.6423333333333333,0.574343204498291,0.01,0.16033333333333333,0.41250064969062805,0.001,0.395,0.5013599395751953
contrast,α=1.2,Caucasian,0.04100000000000002,0.33715587854385376,0.0,0.23099999999999998,0.4558396637439728,0.01,0.09566666666666668,0.38561302423477173,0.001,0.18533333333333335,0.4373704791069031
contrast,α=1.2,Indian,0.05816666666666667,0.3486309051513672,0.0,0.397,0.5158460736274719,0.01,0.1346666666666667,0.41305384039878845,0.001,0.2776666666666666,0.4776245951652527
contrast,α=1.2,overall,0.057958333333333306,0.3553844690322876,0.0,0.6203333333333334,0.5743322968482971,0.01,0.14816666666666667,0.4206846356391907,0.001,0.3334166666666667,0.4942167401313782
contrast,α=1.5,African,0.07399999999999998,0.37641671299934387,0.0,0.522,0.5443861484527588,0.01,0.2386666666666667,0.4586948752403259,0.001,0.4796666666666667,0.5316500067710876
contrast,α=1.5,Asian,0.07066666666666666,0.3390498757362366,0.0,0.659,0.570697546005249,0.01,0.19599999999999995,0.4172806143760681,0.001,0.42700000000000005,0.5023726224899292
contrast,α=1.5,Caucasian,0.04733333333333334,0.33318477869033813,0.0,0.32566666666666666,0.47854000329971313,0.01,0.11833333333333329,0.3873647451400757,0.001,0.266,0.4569041132926941
contrast,α=1.5,Indian,0.06716666666666665,0.33310842514038086,0.0,0.41666666666666663,0.5077478885650635,0.009666666666666667,0.15766666666666662,0.4058491587638855,0.001,0.29066666666666663,0.4651075303554535
contrast,α=1.5,overall,0.06729166666666668,0.3472520709037781,0.0,0.6467499999999999,0.5706623792648315,0.009916666666666667,0.18899999999999995,0.4262276291847229,0.001,0.37975000000000003,0.4959104657173157
contrast,α=2,African,0.10666666666666669,0.36315298080444336,0.0,0.7476666666666667,0.5859305262565613,0.01,0.33399999999999996,0.46244576573371887,0.001,0.5956666666666667,0.539874792098999
contrast,α=2,Asian,0.09666666666666668,0.3281525671482086,0.0,0.861,0.6350671052932739,0.01,0.2843333333333333,0.4299229383468628,0.001,0.5389999999999999,0.5176884531974792
contrast,α=2,Caucasian,0.07766666666666666,0.32690131664276123,0.0,0.41200000000000003,0.48355281352996826,0.01,0.19933333333333336,0.40582573413848877,0.001,0.32499999999999996,0.455979585647583
contrast,α=2,Indian,0.08833333333333335,0.32412266731262207,0.0,0.43033333333333335,0.48823511600494385,0.01,0.19799999999999995,0.4016428589820862,0.001,0.41433333333333333,0.48294180631637573
contrast,α=2,overall,0.09295833333333332,0.33805447816848755,0.0,0.87475,0.6350671052932739,0.01,0.2655833333333333,0.4328855574131012,0.001,0.49516666666666664,0.5085973739624023
contrast,α=3,African,0.1875,0.3411729335784912,0.0,0.872,0.600837230682373,0.01,0.5413333333333333,0.4735056161880493,0.001,0.8156666666666667,0.5711929798126221
contrast,α=3,Asian,0.15166666666666664,0.31377696990966797,0.0,0.839,0.597221314907074,0.01,0.4736666666666667,0.4569079279899597,0.001,0.7446666666666666,0.5567483305931091
contrast,α=3,Caucasian,0.13083333333333333,0.31751328706741333,0.0,0.6003333333333334,0.5073858499526978,0.01,0.42266666666666663,0.4445318281650543,0.001,0.5766666666666667,0.5006700754165649
contrast,α=3,Indian,0.1393333333333333,0.31337815523147583,0.0,0.6973333333333334,0.5359545946121216,0.01,0.3993333333333333,0.4359546899795532,0.001,0.6486666666666667,0.5194834470748901
contrast,α=3,overall,0.15183333333333335,0.32313627004623413,0.0,0.85625,0.6006388068199158,0.01,0.45975,0.4536530375480652,0.001,0.6850833333333333,0.5303905606269836
contrast,α=4,African,0.25650000000000006,0.3191779851913452,0.0,0.9066666666666666,0.5891407132148743,0.01,0.6983333333333333,0.48707258701324463,0.001,0.9043333333333333,0.5876713395118713
contrast,α=4,Asian,0.19433333333333333,0.3003489375114441,0.0,0.918,0.6140028238296509,0.009666666666666667,0.5593333333333333,0.4560559391975403,0.001,0.7893333333333333,0.5469533205032349
contrast,α=4,Caucasian,0.19066666666666665,0.3059770464897156,0.0,0.9066666666666666,0.6085582971572876,0.01,0.569,0.4636090397834778,0.001,0.7993333333333333,0.5553522706031799
contrast,α=4,Indian,0.1935,0.3045975863933563,0.0,0.7923333333333333,0.543809711933136,0.01,0.55,0.4530273377895355,0.001,0.7243333333333333,0.5156493782997131
contrast,α=4,overall,0.21037500000000003,0.3077426552772522,0.0,0.92325,0.6136360168457031,0.01,0.6014166666666667,0.46788060665130615,0.001,0.791,0.5427817106246948
gaussian_blur,σ=0,African,0.05733333333333332,0.3874516487121582,0.0,0.41533333333333333,0.5322272777557373,0.010333333333333333,0.16666666666666663,0.44978970289230347,0.001,0.39,0.5248627066612244
gaussian_blur,σ=0,Asian,0.05883333333333332,0.3458709716796875,0.0,0.569,0.5556145906448364,0.01,0.16100000000000003,0.4165755808353424,0.001,0.3666666666666667,0.49640047550201416
gaussian_blur,σ=0,Caucasian,0.04000000000000002,0.3394286632537842,0.0,0.20966666666666667,0.45412489771842957,0.01,0.09399999999999997,0.39099645614624023,0.001,0.18600000000000005,0.4432491064071655
gaussian_blur,σ=0,Indian,0.053333333333333344,0.35916101932525635,0.0,0.2676666666666667,0.4853648841381073,0.01,0.11066666666666669,0.41072243452072144,0.001,0.22299999999999998,0.46750396490097046
gaussian_blur,σ=0,overall,0.05449999999999999,0.3601016402244568,0.0,0.5327500000000001,0.5556145906448364,0.01,0.1356666666666667,0.42089518904685974,0.001,0.3159166666666666,0.4944778382778168
gaussian_blur,σ=0.2,African,0.05733333333333332,0.3874512016773224,0.0,0.41533333333333333,0.532227635383606,0.010333333333333333,0.16666666666666663,0.4497900605201721,0.001,0.39,0.5248623490333557
gaussian_blur,σ=0.2,Asian,0.05883333333333332,0.345870703458786,0.0,0.569,0.5556144118309021,0.01,0.16100000000000003,0.4165753722190857,0.001,0.3666666666666667,0.4964008927345276
gaussian_blur,σ=0.2,Caucasian,0.04000000000000002,0.3394288420677185,0.0,0.20966666666666667,0.4541248679161072,0.01,0.09399999999999997,0.3909960985183716,0.001,0.18600000000000005,0.44324907660484314
gaussian_blur,σ=0.2,Indian,0.053333333333333344,0.3591609597206116,0.0,0.2676666666666667,0.4853646159172058,0.01,0.11066666666666669,0.410722553730011,0.001,0.22299999999999998,0.46750375628471375
gaussian_blur,σ=0.2,overall,0.05449999999999999,0.3601013720035553,0.0,0.5327500000000001,0.5556144118309021,0.01,0.1356666666666667,0.42089471220970154,0.001,0.31599999999999995,0.4944780468940735
gaussian_blur,σ=0.4,African,0.055666666666666656,0.38663917779922485,0.0,0.404,0.5292980074882507,0.01,0.16666666666666663,0.4502785801887512,0.001,0.3866666666666667,0.5248327255249023
gaussian_blur,σ=0.4,Asian,0.05716666666666667,0.34704700112342834,0.0,0.5773333333333333,0.5577811002731323,0.009666666666666667,0.15966666666666662,0.4164116382598877,0.001,0.376,0.49963217973709106
gaussian_blur,σ=0.4,Caucasian,0.04116666666666664,0.3388602137565613,0.0,0.19933333333333336,0.4508253037929535,0.01,0.09466666666666668,0.3919321298599243,0.001,0.18133333333333335,0.4427197277545929
gaussian_blur,σ=0.4,Indian,0.05300000000000002,0.3621882498264313,0.0,0.2596666666666667,0.4835003912448883,0.01,0.11066666666666669,0.413215309381485,0.001,0.21399999999999997,0.46696168184280396
gaussian_blur,σ=0.4,overall,0.05491666666666664,0.3613359332084656,0.0,0.5391666666666667,0.5577093362808228,0.01,0.13649999999999995,0.4221072494983673,0.001,0.3145,0.4943608343601227
gaussian_blur,σ=0.6,African,0.05750000000000001,0.3872400224208832,0.0,0.41800000000000004,0.5312491059303284,0.01,0.16766666666666663,0.4499482214450836,0.001,0.3523333333333334,0.5138131380081177
gaussian_blur,σ=0.6,Asian,0.05833333333333332,0.3516659140586853,0.0,0.5843333333333334,0.5597164630889893,0.01,0.16500000000000004,0.41784536838531494,0.001,0.3593333333333333,0.49473682045936584
gaussian_blur,σ=0.6,Caucasian,0.04133333333333333,0.3395013213157654,0.0,0.18933333333333335,0.4471566677093506,0.01,0.09199999999999997,0.3927159011363983,0.001,0.18133333333333335,0.44453781843185425
gaussian_blur,σ=0.6,Indian,0.05400000000000002,0.36755359172821045,0.0,0.23299999999999998,0.47718551754951477,0.01,0.11933333333333329,0.41953110694885254,0.001,0.21899999999999997,0.47175055742263794
gaussian_blur,σ=0.6,overall,0.05625000000000001,0.36305373907089233,0.0,0.544,0.5596855282783508,0.009916666666666667,0.14116666666666666,0.42432844638824463,0.001,0.3061666666666667,0.4927859902381897
gaussian_blur,σ=0.8,African,0.060999999999999985,0.3860291838645935,0.0,0.43533333333333335,0.5329561829566956,0.01,0.19799999999999995,0.4586988389492035,0.001,0.3623333333333333,0.5137296915054321
gaussian_blur,σ=0.8,Asian,0.06333333333333335,0.35251402854919434,0.0,0.5203333333333333,0.5409696102142334,0.01,0.16300000000000003,0.41585177183151245,0.001,0.43833333333333335,0.5175696611404419
gaussian_blur,σ=0.8,Caucasian,0.04233333333333332,0.3409097194671631,0.0,0.246,0.46735090017318726,0.01,0.10166666666666668,0.39838236570358276,0.001,0.22366666666666668,0.458501935005188
gaussian_blur,σ=0.8,Indian,0.05500000000000002,0.36649471521377563,0.0,0.2596666666666667,0.4870823621749878,0.01,0.14200000000000002,0.4300241768360138,0.001,0.2536666666666667,0.4843791127204895
gaussian_blur,σ=0.8,overall,0.058499999999999996,0.3639145493507385,0.0,0.48,0.5408726930618286,0.01,0.15974999999999995,0.43138599395751953,0.001,0.29074999999999995,0.48567694425582886
gaussian_blur,σ=1,African,0.06983333333333333,0.384293794631958,0.0,0.3973333333333333,0.519927442073822,0.01,0.21099999999999997,0.4591686427593231,0.001,0.352,0.5068520307540894
gaussian_blur,σ=1,Asian,0.06849999999999999,0.3512909412384033,0.0,0.4993333333333333,0.5340626239776611,0.01,0.19433333333333336,0.42770105600357056,0.001,0.45699999999999996,0.5203401446342468
gaussian_blur,σ=1,Caucasian,0.04516666666666669,0.3403823971748352,0.0,0.30166666666666664,0.48177534341812134,0.01,0.1186666666666667,0.400979220867157,0.001,0.2713333333333333,0.4734799563884735
gaussian_blur,σ=1,Indian,0.06066666666666666,0.36855703592300415,0.0,0.3383333333333334,0.5071972608566284,0.01,0.16000000000000003,0.43444615602493286,0.001,0.30333333333333334,0.49704229831695557
gaussian_blur,σ=1,overall,0.06425000000000002,0.36368051171302795,0.0,0.46575,0.5340626239776611,0.009916666666666667,0.17633333333333334,0.43495261669158936,0.001,0.33399999999999996,0.49589821696281433
gaussian_blur,σ=1.2,African,0.08199999999999999,0.38291651010513306,0.0,0.43433333333333335,0.5214002132415771,0.01,0.2506666666666667,0.4672709107398987,0.001,0.3836666666666667,0.508369505405426
gaussian_blur,σ=1.2,Asian,0.07833333333333335,0.3501504957675934,0.0,0.5686666666666667,0.5518849492073059,0.009666666666666667,0.22433333333333338,0.43564867973327637,0.001,0.4116666666666666,0.5017300844192505
gaussian_blur,σ=1.2,Caucasian,0.051166666666666666,0.3408721089363098,0.0,0.31033333333333335,0.47972720861434937,0.01,0.1393333333333333,0.40745121240615845,0.001,0.276,0.4674839377403259
gaussian_blur,σ=1.2,Indian,0.0685,0.36603623628616333,0.0,0.44933333333333336,0.5324819087982178,0.01,0.18833333333333335,0.4428476095199585,0.001,0.37,0.5099478960037231
gaussian_blur,σ=1.2,overall,0.07237500000000002,0.36198487877845764,0.0,0.55,0.5518524050712585,0.01,0.20816666666666672,0.4426942467689514,0.001,0.366,0.49915945529937744
gaussian_blur,σ=1.4,African,0.09416666666666669,0.380164235830307,0.0,0.5526666666666666,0.5458003282546997,0.009666666666666667,0.29733333333333334,0.47243615984916687,0.001,0.43266666666666664,0.5138248205184937
gaussian_blur,σ=1.4,Asian,0.09083333333333332,0.34786057472229004,0.0,0.6226666666666667,0.5619754195213318,0.01,0.2613333333333333,0.44262731075286865,0.001,0.522,0.5317032337188721
gaussian_blur,σ=1.4,Caucasian,0.06033333333333332,0.3379652202129364,0.0,0.31866666666666665,0.47399744391441345,0.01,0.16133333333333333,0.40885794162750244,0.001,0.31399999999999995,0.4723057150840759
gaussian_blur,σ=1.4,Indian,0.078,0.36424726247787476,0.0,0.5569999999999999,0.5585553646087646,0.01,0.21866666666666668,0.4489268362522125,0.001,0.41633333333333333,0.5165711641311646
gaussian_blur,σ=1.4,overall,0.08229166666666668,0.36038827896118164,0.0,0.6029166666666667,0.5619754195213318,0.01,0.24341666666666661,0.4489268362522125,0.001,0.4245833333333333,0.5094683170318604
gaussian_blur,σ=1.6,African,0.11183333333333333,0.3770388960838318,0.0,0.5816666666666667,0.5460854768753052,0.009666666666666667,0.3623333333333333,0.4811784029006958,0.001,0.5506666666666666,0.5356769561767578
gaussian_blur,σ=1.6,Asian,0.10366666666666668,0.3435150980949402,0.0,0.6483333333333333,0.5650464296340942,0.01,0.30600000000000005,0.4511181712150574,0.001,0.6263333333333334,0.557229220867157
gaussian_blur,σ=1.6,Caucasian,0.06849999999999998,0.33672845363616943,0.0,0.41300000000000003,0.4926808774471283,0.01,0.19833333333333336,0.41336625814437866,0.001,0.387,0.4846446216106415
gaussian_blur,σ=1.6,Indian,0.08966666666666667,0.36102521419525146,0.0,0.6766666666666667,0.5898090600967407,0.01,0.2516666666666667,0.45223474502563477,0.001,0.42200000000000004,0.5109836459159851
gaussian_blur,σ=1.6,overall,0.09562500000000002,0.35730522871017456,0.0,0.7184166666666667,0.5897966027259827,0.01,0.2888333333333334,0.45485249161720276,0.001,0.501,0.5237799882888794
gaussian_blur,σ=1.8,African,0.1295,0.3708347976207733,0.0,0.6263333333333334,0.5476821660995483,0.01,0.41866666666666663,0.4870866537094116,0.001,0.589,0.5375636219978333
gaussian_blur,σ=1.8,Asian,0.11983333333333333,0.33979296684265137,0.0,0.6930000000000001,0.5733929872512817,0.01,0.368,0.46231913566589355,0.001,0.6366666666666667,0.5541073083877563
gaussian_blur,σ=1.8,Caucasian,0.08033333333333335,0.3338291645050049,0.0,0.4963333333333333,0.5080921649932861,0.01,0.2416666666666667,0.41843223571777344,0.001,0.44833333333333336,0.49274498224258423
gaussian_blur,σ=1.8,Indian,0.10283333333333333,0.35709667205810547,0.0,0.7766666666666666,0.6120733022689819,0.01,0.29333333333333333,0.45551925897598267,0.001,0.536,0.5353817343711853
gaussian_blur,σ=1.8,overall,0.11045833333333335,0.3517996668815613,0.0,0.8016666666666666,0.6120733022689819,0.009916666666666667,0.34175,0.4614463150501251,0.001,0.5741666666666667,0.535440981388092
gaussian_blur,σ=2,African,0.15016666666666667,0.3660065829753876,0.0,0.6596666666666666,0.5482640266418457,0.01,0.4856666666666667,0.49390578269958496,0.0013333333333333333,0.641,0.5423439741134644
gaussian_blur,σ=2,Asian,0.13216666666666665,0.3343397378921509,0.0,0.7473333333333334,0.5857948660850525,0.01,0.3923333333333333,0.4613626301288605,0.001,0.6543333333333333,0.5527181625366211
gaussian_blur,σ=2,Caucasian,0.0955,0.32693472504615784,0.0,0.5656666666666667,0.5142973065376282,0.01,0.28500000000000003,0.4206121563911438,0.001,0.5136666666666667,0.4996236264705658
gaussian_blur,σ=2,Indian,0.11566666666666668,0.3508914113044739,0.0,0.8140000000000001,0.6200859546661377,0.01,0.353,0.46538859605789185,0.001,0.624,0.5529744029045105
gaussian_blur,σ=2,overall,0.12466666666666668,0.34588348865509033,0.0,0.83775,0.6200859546661377,0.01,0.3946666666666667,0.4670065641403198,0.001,0.62275,0.540361762046814
gaussian_blur,σ=2.2,African,0.17300000000000001,0.356514573097229,0.0,0.7516666666666667,0.5639486312866211,0.01,0.5513333333333333,0.4968860447406769,0.001,0.7283333333333333,0.5545802116394043
gaussian_blur,σ=2.2,Asian,0.14966666666666664,0.3279689848423004,0.0,0.7806666666666666,0.5885061025619507,0.01,0.44633333333333336,0.46680766344070435,0.001,0.6936666666666667,0.5551737546920776
gaussian_blur,σ=2.2,Caucasian,0.11583333333333334,0.313510924577713,0.0,0.6876666666666666,0.5373778939247131,0.01,0.366,0.43074527382850647,0.001,0.5226666666666666,0.48606717586517334
gaussian_blur,σ=2.2,Indian,0.13566666666666669,0.34283024072647095,0.0,0.8746666666666667,0.6379852890968323,0.01,0.45066666666666666,0.4807201325893402,0.001,0.6910000000000001,0.561556875705719
gaussian_blur,σ=2.2,overall,0.14495833333333336,0.33712589740753174,0.0,0.8911666666666667,0.6379098892211914,0.01,0.47650000000000003,0.4775836765766144,0.001,0.6886666666666666,0.5491448640823364
gaussian_blur,σ=2.4,African,0.19599999999999998,0.34511369466781616,0.0,0.8280000000000001,0.5822782516479492,0.01,0.6366666666666667,0.5083919763565063,0.001,0.7823333333333333,0.5595415830612183
gaussian_blur,σ=2.4,Asian,0.16149999999999998,0.31959137320518494,0.0,0.8066666666666666,0.5930953025817871,0.01,0.511,0.4777708649635315,0.001,0.7556666666666667,0.5671762228012085
gaussian_blur,σ=2.4,Caucasian,0.1296666666666667,0.3035511076450348,0.0,0.7366666666666667,0.5455533862113953,0.01,0.43066666666666664,0.4372033476829529,0.001,0.5823333333333334,0.4899779260158539
gaussian_blur,σ=2.4,Indian,0.15166666666666664,0.33350512385368347,0.0,0.903,0.6456805467605591,0.01,0.5193333333333333,0.4889034330844879,0.001,0.7183333333333333,0.5607589483261108
gaussian_blur,σ=2.4,overall,0.1615833333333333,0.3283676505088806,0.0,0.9150833333333334,0.6456805467605591,0.01,0.5321666666666667,0.48202279210090637,0.001,0.7376666666666667,0.5545582175254822
gaussian_blur,σ=2.6,African,0.21533333333333332,0.3316996097564697,0.0,0.9093333333333333,0.6110146641731262,0.01,0.6859999999999999,0.5068309307098389,0.001,0.8553333333333333,0.5783258676528931
gaussian_blur,σ=2.6,Asian,0.17916666666666667,0.31533724069595337,0.0,0.8596666666666667,0.6105883121490479,0.01,0.5633333333333334,0.48312002420425415,0.001,0.7766666666666666,0.5669909715652466
gaussian_blur,σ=2.6,Caucasian,0.14500000000000002,0.2929364740848541,0.0,0.777,0.5484526753425598,0.01,0.4873333333333333,0.4401155114173889,0.001,0.6563333333333333,0.4990600049495697
gaussian_blur,σ=2.6,Indian,0.16933333333333334,0.32655417919158936,0.0,0.9223333333333333,0.651867151260376,0.01,0.5780000000000001,0.4948039650917053,0.001,0.7726666666666666,0.5719982385635376
gaussian_blur,σ=2.6,overall,0.17908333333333337,0.3170905113220215,0.0,0.9321666666666667,0.6518161296844482,0.01,0.5855,0.48434174060821533,0.001,0.7949166666666667,0.5661321878433228
gaussian_blur,σ=2.8,African,0.23383333333333334,0.3217568099498749,0.0,0.9333333333333333,0.6147119998931885,0.009666666666666667,0.7356666666666667,0.5095833539962769,0.001,0.894,0.5870040059089661
gaussian_blur,σ=2.8,Asian,0.196,0.3089553713798523,0.0,0.8576666666666667,0.6001339554786682,0.01,0.6263333333333334,0.4945412576198578,0.001,0.8123333333333334,0.574421226978302
gaussian_blur,σ=2.8,Caucasian,0.16100000000000003,0.28235095739364624,0.0,0.815,0.5531679391860962,0.01,0.5303333333333333,0.43885624408721924,0.001,0.7130000000000001,0.5073561668395996
gaussian_blur,σ=2.8,Indian,0.1855,0.3162127137184143,0.0,0.9346666666666666,0.6554072499275208,0.01,0.6016666666666667,0.4908566176891327,0.001,0.8216666666666667,0.5795159339904785
gaussian_blur,σ=2.8,overall,0.1955,0.3084985911846161,0.0,0.9444166666666667,0.655402421951294,0.01,0.6355833333333334,0.48759645223617554,0.001,0.83575,0.574421226978302
gaussian_blur,σ=3,African,0.24833333333333335,0.3113573491573334,0.0,0.944,0.6157913208007812,0.01,0.767,0.5068739652633667,0.001,0.9196666666666666,0.5925042629241943
gaussian_blur,σ=3,Asian,0.21250000000000002,0.2986154854297638,0.0,0.8523333333333334,0.5859485864639282,0.01,0.6776666666666666,0.5015134811401367,0.001,0.8373333333333334,0.5788614749908447
gaussian_blur,σ=3,Caucasian,0.17866666666666664,0.27214571833610535,0.0,0.8453333333333333,0.5589883923530579,0.01,0.5920000000000001,0.4456713795661926,0.001,0.7526666666666667,0.5122342109680176
gaussian_blur,σ=3,Indian,0.2025,0.30823493003845215,0.0,0.9410000000000001,0.6509010195732117,0.01,0.639,0.49131667613983154,0.001,0.8383333333333334,0.5767687559127808
gaussian_blur,σ=3,overall,0.21299999999999997,0.2984049916267395,0.0,0.94925,0.6507683992385864,0.01,0.6770833333333333,0.4883747696876526,0.001,0.858,0.5753864049911499
gaussian_blur,σ=3.2,African,0.27083333333333337,0.2998300790786743,0.0,0.9563333333333334,0.6184799671173096,0.01,0.8066666666666666,0.5090072154998779,0.001,0.945,0.6027072668075562
gaussian_blur,σ=3.2,Asian,0.2293333333333333,0.2927438020706177,0.0,0.882,0.597125768661499,0.01,0.7096666666666667,0.5034230351448059,0.001,0.8603333333333334,0.5827890634536743
gaussian_blur,σ=3.2,Caucasian,0.20366666666666666,0.26246321201324463,0.0,0.8716666666666667,0.5663785338401794,0.01,0.6416666666666666,0.4489528238773346,0.001,0.8136666666666666,0.5284419059753418
gaussian_blur,σ=3.2,Indian,0.22099999999999997,0.30109351873397827,0.0,0.929,0.6298120021820068,0.01,0.6723333333333333,0.4930040240287781,0.001,0.895,0.5987637042999268
gaussian_blur,σ=3.2,overall,0.232875,0.2893495261669159,0.0,0.9406666666666667,0.6296623945236206,0.01,0.7223333333333333,0.49367064237594604,0.001,0.8830833333333333,0.5799264907836914
gaussian_blur,σ=3.4,African,0.2875,0.2914859652519226,0.0,0.963,0.6200048923492432,0.01,0.835,0.508485734462738,0.001,0.9546666666666667,0.6024747490882874
gaussian_blur,σ=3.4,Asian,0.2466666666666667,0.28247541189193726,0.0,0.9276666666666666,0.6197314262390137,0.01,0.7563333333333333,0.5121650099754333,0.001,0.89,0.5909716486930847
gaussian_blur,σ=3.4,Caucasian,0.21966666666666665,0.25461819767951965,0.0,0.8926666666666667,0.5695428252220154,0.01,0.6726666666666667,0.447500616312027,0.001,0.8436666666666667,0.5370585918426514
gaussian_blur,σ=3.4,Indian,0.23099999999999998,0.292163610458374,0.0,0.9316666666666666,0.6245130300521851,0.01,0.7003333333333333,0.4935934543609619,0.001,0.915,0.6043093800544739
gaussian_blur,σ=3.4,overall,0.2486666666666667,0.28032660484313965,0.0,0.944,0.6242749094963074,0.01,0.7510833333333333,0.4951707124710083,0.001,0.90375,0.584182858467102
gaussian_blur,σ=3.6,African,0.3061666666666667,0.2808500826358795,0.0,0.9666666666666667,0.6170318126678467,0.01,0.8566666666666667,0.5096986889839172,0.001,0.9633333333333334,0.6106877326965332
gaussian_blur,σ=3.6,Asian,0.2666666666666667,0.2739707827568054,0.0,0.9413333333333334,0.631188154220581,0.01,0.788,0.5186455845832825,0.001,0.914,0.5985043048858643
gaussian_blur,σ=3.6,Caucasian,0.2376666666666667,0.2484615445137024,0.0,0.915,0.5792038440704346,0.01,0.728,0.46151450276374817,0.001,0.8943333333333333,0.5581846237182617
gaussian_blur,σ=3.6,Indian,0.24683333333333335,0.2850213646888733,0.0,0.9596666666666667,0.656369686126709,0.01,0.741,0.5001389980316162,0.001,0.9093333333333333,0.5907859206199646
gaussian_blur,σ=3.6,overall,0.26645833333333335,0.2722705006599426,0.0,0.9673333333333334,0.6557590961456299,0.01,0.7853333333333333,0.5001389980316162,0.001,0.923,0.5895993709564209
gaussian_blur,σ=3.8,African,0.3248333333333333,0.27294018864631653,0.0,0.9776666666666667,0.6340775489807129,0.01,0.879,0.5180599689483643,0.001,0.9676666666666667,0.610134482383728
gaussian_blur,σ=3.8,Asian,0.2816666666666666,0.26872849464416504,0.0,0.9536666666666667,0.6410782933235168,0.01,0.8186666666666667,0.523958683013916,0.0006666666666666666,0.952,0.6353932023048401
gaussian_blur,σ=3.8,Caucasian,0.25383333333333336,0.2385881543159485,0.0,0.942,0.6016436219215393,0.01,0.7573333333333333,0.462647020816803,0.001,0.9183333333333333,0.566584587097168
gaussian_blur,σ=3.8,Indian,0.26016666666666666,0.2789786756038666,0.0,0.9726666666666667,0.6730704307556152,0.01,0.779,0.5057258605957031,0.001,0.9306666666666666,0.6023930907249451
gaussian_blur,σ=3.8,overall,0.281625,0.2657926380634308,0.0,0.9775,0.672795295715332,0.01,0.815,0.5044125914573669,0.001,0.93925,0.6008552312850952
gaussian_blur,σ=4,African,0.3433333333333334,0.2710338234901428,0.0,0.9856666666666667,0.6558538675308228,0.01,0.8956666666666666,0.5220500826835632,0.001,0.9766666666666667,0.619495153427124
gaussian_blur,σ=4,Asian,0.29933333333333334,0.2635537385940552,0.0,0.964,0.6532399654388428,0.01,0.8336666666666667,0.5201698541641235,0.001,0.951,0.6282953023910522
gaussian_blur,σ=4,Caucasian,0.26749999999999996,0.23243163526058197,0.0,0.9696666666666667,0.6358125805854797,0.01,0.787,0.4661813974380493,0.001,0.914,0.5562577247619629
gaussian_blur,σ=4,Indian,0.2786666666666666,0.27438241243362427,0.0,0.9816666666666667,0.6875064373016357,0.01,0.8126666666666666,0.5151378512382507,0.001,0.9486666666666667,0.6190742254257202
gaussian_blur,σ=4,overall,0.296875,0.26106369495391846,0.0,0.9841666666666666,0.686873733997345,0.01,0.8370833333333334,0.5088555216789246,0.001,0.9565833333333333,0.617803692817688
gaussian_noise,σ=0,African,0.05733333333333332,0.3874516487121582,0.0,0.41533333333333333,0.5322272777557373,0.010333333333333333,0.16666666666666663,0.44978970289230347,0.001,0.39,0.5248627066612244
gaussian_noise,σ=0,Asian,0.05883333333333332,0.3458709716796875,0.0,0.569,0.5556145906448364,0.01,0.16100000000000003,0.4165755808353424,0.001,0.3666666666666667,0.49640047550201416
gaussian_noise,σ=0,Caucasian,0.04000000000000002,0.3394286632537842,0.0,0.20966666666666667,0.45412489771842957,0.01,0.09399999999999997,0.39099645614624023,0.001,0.18600000000000005,0.4432491064071655
gaussian_noise,σ=0,Indian,0.053333333333333344,0.35916101932525635,0.0,0.2676666666666667,0.4853648841381073,0.01,0.11066666666666669,0.41072243452072144,0.001,0.22299999999999998,0.46750396490097046
gaussian_noise,σ=0,overall,0.05449999999999999,0.3601016402244568,0.0,0.5327500000000001,0.5556145906448364,0.01,0.1356666666666667,0.42089518904685974,0.001,0.3159166666666666,0.4944778382778168
gaussian_noise,σ=2,African,0.06050000000000001,0.3860851228237152,0.0,0.5756666666666667,0.5700571537017822,0.01,0.19099999999999995,0.4566400945186615,0.001,0.44566666666666666,0.5371989011764526
gaussian_noise,σ=2,Asian,0.061000000000000026,0.3471193313598633,0.0,0.5423333333333333,0.5480310916900635,0.01,0.17066666666666663,0.4187924265861511,0.001,0.41533333333333333,0.5098698139190674
gaussian_noise,σ=2,Caucasian,0.03849999999999998,0.34096577763557434,0.0,0.24,0.46316075325012207,0.009666666666666667,0.10699999999999998,0.39734986424446106,0.001,0.21433333333333338,0.45281118154525757
gaussian_noise,σ=2,Indian,0.05400000000000002,0.35838162899017334,0.0,0.28900000000000003,0.49076053500175476,0.01,0.10433333333333328,0.4087443947792053,0.001,0.21899999999999997,0.46468573808670044
gaussian_noise,σ=2,overall,0.057458333333333333,0.3602069020271301,0.0,0.5928333333333333,0.5700571537017822,0.01,0.14300000000000002,0.42258816957473755,0.001,0.3478333333333333,0.5025771856307983
gaussian_noise,σ=4,African,0.07299999999999998,0.38483452796936035,0.0,0.6699999999999999,0.5893719792366028,0.01,0.22533333333333339,0.46306782960891724,0.001,0.42366666666666664,0.5265961289405823
gaussian_noise,σ=4,Asian,0.0708333333333333,0.3468906879425049,0.0,0.475,0.5210831761360168,0.01,0.19633333333333336,0.42626893520355225,0.001,0.42600000000000005,0.5071544051170349
gaussian_noise,σ=4,Caucasian,0.04400000000000002,0.3386560082435608,0.0,0.2636666666666667,0.4611177444458008,0.01,0.1213333333333333,0.39630788564682007,0.001,0.2476666666666667,0.4546562433242798
gaussian_noise,σ=4,Indian,0.05750000000000001,0.3517015874385834,0.0,0.2753333333333333,0.4735497534275055,0.01,0.1166666666666667,0.40197208523750305,0.001,0.2453333333333333,0.4622941315174103
gaussian_noise,σ=4,overall,0.06320833333333334,0.3571220934391022,0.0,0.6843333333333333,0.5893719792366028,0.01,0.17866666666666664,0.4311510920524597,0.001,0.37175,0.5015137195587158
gaussian_noise,σ=6,African,0.08733333333333335,0.38058382272720337,0.0,0.6816666666666666,0.5843700766563416,0.01,0.2813333333333333,0.471804678440094,0.001,0.4946666666666667,0.5360543727874756
gaussian_noise,σ=6,Asian,0.07983333333333331,0.3444100320339203,0.0,0.44366666666666665,0.5064985752105713,0.01,0.242,0.4341735243797302,0.001,0.42333333333333334,0.49864792823791504
gaussian_noise,σ=6,Caucasian,0.05149999999999999,0.3327769935131073,0.0,0.30466666666666664,0.46649473905563354,0.01,0.14800000000000002,0.3978954553604126,0.001,0.276,0.4539721608161926
gaussian_noise,σ=6,Indian,0.06616666666666664,0.34320420026779175,0.0,0.30566666666666664,0.4695451855659485,0.01,0.15800000000000003,0.41113758087158203,0.001,0.29633333333333334,0.46649208664894104
gaussian_noise,σ=6,overall,0.07499999999999998,0.35335373878479004,0.0,0.6966666666666667,0.5842052698135376,0.01,0.22291666666666665,0.43760204315185547,0.001,0.41574999999999995,0.5042446255683899
gaussian_noise,σ=8,African,0.10116666666666668,0.37530022859573364,0.0,0.7256666666666667,0.5870438814163208,0.01,0.30566666666666664,0.4690816402435303,0.001,0.6116666666666667,0.5570551156997681
gaussian_noise,σ=8,Asian,0.0905,0.33730554580688477,0.0,0.596,0.5375485420227051,0.01,0.2836666666666666,0.4389157295227051,0.001,0.51,0.5145149230957031
gaussian_noise,σ=8,Caucasian,0.06333333333333335,0.32950904965400696,0.0,0.3613333333333333,0.47185343503952026,0.01,0.19366666666666665,0.40816986560821533,0.001,0.3403333333333334,0.4643675684928894
gaussian_noise,σ=8,Indian,0.07450000000000001,0.33675622940063477,0.0,0.369,0.47841453552246094,0.01,0.20833333333333337,0.4188551902770996,0.001,0.3473333333333334,0.4709533751010895
gaussian_noise,σ=8,overall,0.08579166666666665,0.34862375259399414,0.0,0.7364166666666667,0.5870438814163208,0.01,0.26175000000000004,0.4408003091812134,0.001,0.4880833333333333,0.5145149230957031
gaussian_noise,σ=10,African,0.11633333333333332,0.3738984167575836,0.0,0.7726666666666666,0.5937737822532654,0.01,0.3546666666666667,0.47565963864326477,0.001,0.7163333333333333,0.5752395391464233
gaussian_noise,σ=10,Asian,0.10149999999999998,0.33377811312675476,0.0,0.6516666666666666,0.544605016708374,0.01,0.30600000000000005,0.43493929505348206,0.001,0.6433333333333333,0.5405758619308472
gaussian_noise,σ=10,Caucasian,0.07799999999999999,0.3258932828903198,0.0,0.42900000000000005,0.481489360332489,0.01,0.2326666666666667,0.41244208812713623,0.001,0.41566666666666663,0.47753486037254333
gaussian_noise,σ=10,Indian,0.08333333333333334,0.332548588514328,0.0,0.42433333333333334,0.4840141534805298,0.01,0.245,0.4221957325935364,0.001,0.42266666666666663,0.48319047689437866
gaussian_noise,σ=10,overall,0.09837500000000002,0.34474724531173706,0.0,0.7847500000000001,0.5937737822532654,0.01,0.3025,0.44296711683273315,0.001,0.5809166666666667,0.5302553176879883
gaussian_noise,σ=20,African,0.19416666666666668,0.3477743864059448,0.0,0.9193333333333333,0.6119619607925415,0.01,0.5966666666666667,0.48892107605934143,0.001,0.8803333333333333,0.5895577073097229
gaussian_noise,σ=20,Asian,0.15533333333333332,0.3047257363796234,0.0,0.9596666666666667,0.660210132598877,0.01,0.5306666666666666,0.454179048538208,0.001,0.8213333333333334,0.5629730224609375
gaussian_noise,σ=20,Caucasian,0.1363333333333333,0.29481181502342224,0.0,0.806,0.5481444597244263,0.01,0.46266666666666667,0.4281136393547058,0.001,0.7,0.5058834552764893
gaussian_noise,σ=20,Indian,0.138,0.3042612671852112,0.0,0.7263333333333333,0.5293094515800476,0.01,0.41900000000000004,0.4262503981590271,0.001,0.6613333333333333,0.508000910282135
gaussian_noise,σ=20,overall,0.16120833333333334,0.3170529007911682,0.0,0.9665,0.6598575115203857,0.01,0.53375,0.46021270751953125,0.001,0.7669166666666667,0.5394819974899292
gaussian_noise,σ=30,African,0.2726666666666666,0.32062873244285583,0.0,0.946,0.5890364050865173,0.01,0.7603333333333333,0.4954872131347656,0.001,0.9126666666666666,0.5649843811988831
gaussian_noise,σ=30,Asian,0.21016666666666667,0.2730198800563812,0.0,0.982,0.6631561517715454,0.01,0.6799999999999999,0.4572093188762665,0.001,0.8616666666666667,0.5423563718795776
gaussian_noise,σ=30,Caucasian,0.19349999999999998,0.2602996230125427,0.0,0.9033333333333333,0.5519495010375977,0.01,0.6816666666666666,0.4483642280101776,0.001,0.8713333333333333,0.5341549515724182
gaussian_noise,σ=30,Indian,0.185,0.27708783745765686,0.0,0.858,0.5473864078521729,0.01,0.5826666666666667,0.4342898428440094,0.001,0.765,0.5020453929901123
gaussian_noise,σ=30,overall,0.21704166666666663,0.2860756814479828,0.0,0.9860833333333333,0.6612688899040222,0.01,0.687,0.4637727737426758,0.001,0.866,0.5417898297309875
gaussian_noise,σ=40,African,0.3328333333333333,0.29491156339645386,0.0,0.9813333333333333,0.6004778742790222,0.01,0.8603333333333334,0.4945470988750458,0.001,0.96,0.5673229098320007
gaussian_noise,σ=40,Asian,0.26016666666666666,0.24383744597434998,0.0,0.9746666666666667,0.6181600689888,0.01,0.7606666666666666,0.4480716586112976,0.001,0.9436666666666667,0.5689970850944519
gaussian_noise,σ=40,Caucasian,0.24333333333333332,0.23427660763263702,0.0,0.993,0.6565550565719604,0.01,0.7483333333333333,0.42914700508117676,0.001,0.938,0.5431643724441528
gaussian_noise,σ=40,Indian,0.2323333333333333,0.25269216299057007,0.0,0.916,0.544610321521759,0.01,0.7130000000000001,0.44220709800720215,0.001,0.8966666666666667,0.5297397971153259
gaussian_noise,σ=40,overall,0.27145833333333336,0.25850412249565125,0.0,0.99025,0.652579665184021,0.01,0.7946666666666666,0.46423399448394775,0.001,0.9271666666666667,0.5440071225166321
jpeg,q=5,African,0.3976666666666666,0.25403279066085815,0.0,1.0,inf,0.01,0.9626666666666667,0.5155912637710571,0.001,0.9986666666666667,0.6295368671417236
jpeg,q=5,Asian,0.31566666666666665,0.2137075513601303,0.0,0.992,0.6408721804618835,0.01,0.861,0.4494190514087677,0.001,0.9686666666666667,0.5487227439880371
jpeg,q=5,Caucasian,0.2853333333333333,0.2221127152442932,0.0,0.9703333333333334,0.5490158200263977,0.01,0.8280000000000001,0.42721638083457947,0.001,0.9516666666666667,0.517373263835907
jpeg,q=5,Indian,0.2861666666666667,0.2455039769411087,0.0,0.9773333333333334,0.5673381090164185,0.01,0.8260000000000001,0.44867414236068726,0.001,0.926,0.5084860920906067
jpeg,q=5,overall,0.32275,0.23476377129554749,0.0,0.99925,0.6961380243301392,0.01,0.8905,0.4675208032131195,0.001,0.9795,0.5669972896575928
jpeg,q=10,African,0.22499999999999998,0.31801095604896545,0.0,0.951,0.5902389287948608,0.01,0.663,0.46732333302497864,0.001,0.923,0.5685247182846069
jpeg,q=10,Asian,0.17566666666666664,0.2803467810153961,0.0,0.9036666666666666,0.5749791860580444,0.01,0.5680000000000001,0.43395209312438965,0.001,0.8393333333333333,0.5418404340744019
jpeg,q=10,Caucasian,0.14749999999999996,0.28112727403640747,0.0,0.8286666666666667,0.5255092978477478,0.01,0.5106666666666666,0.41921550035476685,0.001,0.8013333333333333,0.5135092735290527
jpeg,q=10,Indian,0.15600000000000003,0.29763996601104736,0.0,0.841,0.5434949398040771,0.01,0.4886666666666667,0.4255967140197754,0.001,0.776,0.5176775455474854
jpeg,q=10,overall,0.17783333333333332,0.29598402976989746,0.0,0.9315,0.5894631147384644,0.01,0.5720000000000001,0.4408167600631714,0.001,0.8160000000000001,0.5247233510017395
jpeg,q=20,African,0.127,0.359283447265625,0.0,0.8753333333333333,0.6086521744728088,0.01,0.3883333333333333,0.4600580930709839,0.001,0.6863333333333334,0.539664626121521
jpeg,q=20,Asian,0.10916666666666666,0.3251386880874634,0.0,0.718,0.5501173138618469,0.01,0.33166666666666667,0.4265437126159668,0.001,0.5783333333333334,0.5054433345794678
jpeg,q=20,Caucasian,0.08183333333333334,0.3142796456813812,0.0,0.5726666666666667,0.5096824765205383,0.01,0.248,0.40634363889694214,0.001,0.556,0.5052850246429443
jpeg,q=20,Indian,0.08850000000000002,0.32699698209762573,0.0,0.5393333333333333,0.506882905960083,0.01,0.265,0.42072367668151855,0.001,0.5216666666666667,0.5022452473640442
jpeg,q=20,overall,0.10475000000000001,0.3333722949028015,0.0,0.8645833333333334,0.608513593673706,0.01,0.32791666666666663,0.4357832372188568,0.001,0.5546666666666666,0.5052850246429443
jpeg,q=40,African,0.08516666666666664,0.3796461820602417,0.0,0.5656666666666667,0.5462561845779419,0.01,0.267,0.46217378973960876,0.001,0.5053333333333334,0.5310656428337097
jpeg,q=40,Asian,0.07766666666666665,0.3400627374649048,0.0,0.7736666666666667,0.6016731262207031,0.01,0.22333333333333338,0.42192572355270386,0.001,0.44499999999999995,0.4989747703075409
jpeg,q=40,Caucasian,0.05300000000000002,0.3285878896713257,0.0,0.3423333333333334,0.4782670736312866,0.01,0.15333333333333332,0.40449604392051697,0.001,0.2646666666666667,0.4544873833656311
jpeg,q=40,Indian,0.06633333333333334,0.34983891248703003,0.0,0.42866666666666664,0.5135964155197144,0.01,0.16666666666666663,0.4194362759590149,0.001,0.33599999999999997,0.4855790436267853
jpeg,q=40,overall,0.07458333333333333,0.35246533155441284,0.0,0.76625,0.6016528606414795,0.01,0.20174999999999998,0.4297848343849182,0.001,0.40674999999999994,0.4989747703075409
jpeg,q=60,African,0.07116666666666664,0.38225507736206055,0.0,0.5556666666666666,0.5544291734695435,0.01,0.21466666666666667,0.45742225646972656,0.001,0.44999999999999996,0.5288841724395752
jpeg,q=60,Asian,0.06849999999999999,0.3423176109790802,0.0,0.5796666666666667,0.5498203635215759,0.009666666666666667,0.18400000000000005,0.417192667722702,0.001,0.3573333333333333,0.4818215072154999
jpeg,q=60,Caucasian,0.044833333333333336,0.3381807506084442,0.0,0.3853333333333333,0.501438319683075,0.01,0.10366666666666668,0.3899461030960083,0.001,0.2446666666666667,0.4575463831424713
jpeg,q=60,Indian,0.06200000000000003,0.35347744822502136,0.0,0.368,0.5042775869369507,0.01,0.1373333333333333,0.41392338275909424,0.001,0.22899999999999998,0.4575725793838501
jpeg,q=60,overall,0.06591666666666665,0.35570335388183594,0.0,0.571,0.5544291734695435,0.01,0.17283333333333328,0.42777231335639954,0.001,0.38283333333333336,0.5033881068229675
jpeg,q=80,African,0.0648333333333333,0.3849483132362366,0.0,0.46799999999999997,0.5414235591888428,0.009666666666666667,0.18799999999999994,0.45552757382392883,0.001,0.3613333333333333,0.5126537680625916
jpeg,q=80,Asian,0.061833333333333323,0.34409502148628235,0.0,0.43700000000000006,0.5144234895706177,0.01,0.16233333333333333,0.41232985258102417,0.001,0.3913333333333333,0.5019239187240601
jpeg,q=80,Caucasian,0.04099999999999998,0.33734434843063354,0.0,0.2526666666666667,0.46702849864959717,0.01,0.10866666666666669,0.39576470851898193,0.001,0.20999999999999996,0.4493559002876282
jpeg,q=80,Indian,0.05666666666666666,0.3568897247314453,0.0,0.3563333333333333,0.5093317627906799,0.01,0.127,0.4185373783111572,0.001,0.28400000000000003,0.4889589548110962
jpeg,q=80,overall,0.05883333333333331,0.3576463460922241,0.0,0.4935833333333334,0.541377067565918,0.01,0.15366666666666662,0.426306813955307,0.001,0.34858333333333336,0.5019239187240601
jpeg,q=100,African,0.05733333333333332,0.3874516487121582,0.0,0.41533333333333333,0.5322272777557373,0.010333333333333333,0.16666666666666663,0.44978970289230347,0.001,0.39,0.5248627066612244
jpeg,q=100,Asian,0.05883333333333332,0.3458709716796875,0.0,0.569,0.5556145906448364,0.01,0.16100000000000003,0.4165755808353424,0.001,0.3666666666666667,0.49640047550201416
jpeg,q=100,Caucasian,0.04000000000000002,0.3394286632537842,0.0,0.20966666666666667,0.45412489771842957,0.01,0.09399999999999997,0.39099645614624023,0.001,0.18600000000000005,0.4432491064071655
jpeg,q=100,Indian,0.053333333333333344,0.35916101932525635,0.0,0.2676666666666667,0.4853648841381073,0.01,0.11066666666666669,0.41072243452072144,0.001,0.22299999999999998,0.46750396490097046
jpeg,q=100,overall,0.05449999999999999,0.3601016402244568,0.0,0.5327500000000001,0.5556145906448364,0.01,0.1356666666666667,0.42089518904685974,0.001,0.3159166666666666,0.4944778382778168
motion_blur,k=1,African,0.05733333333333332,0.3874516487121582,0.0,0.41533333333333333,0.5322272777557373,0.010333333333333333,0.16666666666666663,0.44978970289230347,0.001,0.39,0.5248627066612244
motion_blur,k=1,Asian,0.05883333333333332,0.3458709716796875,0.0,0.569,0.5556145906448364,0.01,0.16100000000000003,0.4165755808353424,0.001,0.3666666666666667,0.49640047550201416
motion_blur,k=1,Caucasian,0.04000000000000002,0.3394286632537842,0.0,0.20966666666666667,0.45412489771842957,0.01,0.09399999999999997,0.39099645614624023,0.001,0.18600000000000005,0.4432491064071655
motion_blur,k=1,Indian,0.053333333333333344,0.35916101932525635,0.0,0.2676666666666667,0.4853648841381073,0.01,0.11066666666666669,0.41072243452072144,0.001,0.22299999999999998,0.46750396490097046
motion_blur,k=1,overall,0.05449999999999999,0.3601016402244568,0.0,0.5327500000000001,0.5556145906448364,0.01,0.1356666666666667,0.42089518904685974,0.001,0.3159166666666666,0.4944778382778168
motion_blur,k=3,African,0.06433333333333335,0.3859786093235016,0.0,0.41833333333333333,0.531181812286377,0.01,0.17600000000000005,0.45329296588897705,0.001,0.3906666666666667,0.5224501490592957
motion_blur,k=3,Asian,0.06233333333333334,0.3495863378047943,0.0,0.4986666666666667,0.533530056476593,0.01,0.18100000000000005,0.4219070374965668,0.001,0.3703333333333333,0.4966219663619995
motion_blur,k=3,Caucasian,0.042333333333333334,0.34256142377853394,0.0,0.2836666666666666,0.4827747642993927,0.01,0.11499999999999999,0.40398579835891724,0.001,0.20299999999999996,0.4523605406284332
motion_blur,k=3,Indian,0.05249999999999999,0.3530152440071106,0.0,0.272,0.48262864351272583,0.01,0.118,0.40809816122055054,0.001,0.23333333333333328,0.4672611355781555
motion_blur,k=3,overall,0.05741666666666667,0.3609039783477783,0.0,0.4588333333333333,0.5334315299987793,0.01,0.15333333333333332,0.4261675477027893,0.001,0.30900000000000005,0.49018657207489014
motion_blur,k=5,African,0.09066666666666667,0.3857024312019348,0.0,0.476,0.5316765308380127,0.01,0.259,0.46974825859069824,0.001,0.3886666666666667,0.5113465189933777
motion_blur,k=5,Asian,0.07983333333333334,0.3535792827606201,0.0,0.719,0.5934637188911438,0.01,0.2643333333333333,0.4478834867477417,0.001,0.45566666666666666,0.5138553380966187
motion_blur,k=5,Caucasian,0.05833333333333334,0.3459213376045227,0.0,0.46299999999999997,0.5229576826095581,0.01,0.14933333333333332,0.40763282775878906,0.001,0.353,0.4924200773239136
motion_blur,k=5,Indian,0.06966666666666665,0.3506503701210022,0.0,0.45399999999999996,0.5219382047653198,0.01,0.17600000000000005,0.4204336404800415,0.001,0.359,0.4921196699142456
motion_blur,k=5,overall,0.07566666666666666,0.3608710765838623,0.0,0.7073333333333334,0.5930728912353516,0.01,0.2240833333333333,0.4441857635974884,0.001,0.4128333333333334,0.5088953375816345
motion_blur,k=9,African,0.18400000000000002,0.3731878399848938,0.0,0.9036666666666666,0.6300998330116272,0.01,0.5886666666666667,0.5083135962486267,0.001,0.8049999999999999,0.5809244513511658
motion_blur,k=9,Asian,0.17066666666666663,0.3577490448951721,0.0,0.884,0.6377001404762268,0.01,0.5286666666666666,0.49659430980682373,0.001,0.8416666666666667,0.6115323305130005
motion_blur,k=9,Caucasian,0.13816666666666666,0.33086520433425903,0.0,0.747,0.5562134981155396,0.01,0.478,0.46637162566185,0.001,0.6793333333333333,0.5316295623779297
motion_blur,k=9,Indian,0.15316666666666665,0.34547021985054016,0.0,0.9056666666666666,0.6364331245422363,0.01,0.4786666666666667,0.4774910807609558,0.001,0.7643333333333333,0.5656042098999023
motion_blur,k=9,overall,0.16325,0.3531767725944519,0.0,0.9054166666666666,0.6377001404762268,0.01,0.5236666666666667,0.490225613117218,0.001,0.75775,0.5656042098999023
motion_blur,k=13,African,0.2818333333333334,0.3502141237258911,0.0,0.953,0.6336901187896729,0.01,0.8266666666666667,0.5469894409179688,0.001,0.9226666666666666,0.6034995913505554
motion_blur,k=13,Asian,0.2456666666666667,0.3654792308807373,0.0,0.9153333333333333,0.638396143913269,0.01,0.7893333333333333,0.5638919472694397,0.001,0.9103333333333333,0.6340397000312805
motion_blur,k=13,Caucasian,0.21716666666666667,0.3209821581840515,0.0,0.9426666666666667,0.6352761387825012,0.01,0.7203333333333333,0.5049656629562378,0.001,0.8963333333333333,0.5952619910240173
motion_blur,k=13,Indian,0.236,0.3402569591999054,0.0,0.937,0.6357007622718811,0.01,0.7010000000000001,0.5145838856697083,0.001,0.9293333333333333,0.6287435293197632
motion_blur,k=13,overall,0.246875,0.3444298505783081,0.0,0.93925,0.6381391286849976,0.01,0.7700833333333333,0.5375211238861084,0.001,0.9170833333333334,0.6170845031738281
motion_blur,k=17,African,0.3526666666666667,0.3425179719924927,0.0,0.9943333333333333,0.7166383862495422,0.01,0.9133333333333333,0.5636385679244995,0.001,0.974,0.6320337057113647
motion_blur,k=17,Asian,0.31233333333333335,0.3761887550354004,0.0,0.9476666666666667,0.6775925159454346,0.01,0.855,0.5990762114524841,0.001,0.9406666666666667,0.6687873601913452
motion_blur,k=17,Caucasian,0.28733333333333333,0.3280080258846283,0.0,0.9543333333333334,0.6490303874015808,0.009666666666666667,0.8263333333333334,0.542677104473114,0.001,0.95,0.6411576271057129
motion_blur,k=17,Indian,0.2955,0.35452908277511597,0.0,0.961,0.6557428240776062,0.01,0.834,0.5597671866416931,0.0013333333333333333,0.9523333333333334,0.6438871026039124
motion_blur,k=17,overall,0.31254166666666666,0.34945040941238403,0.0,0.9843333333333333,0.7087321281433105,0.01,0.8613333333333333,0.5705013275146484,0.001,0.9545,0.6509512662887573
motion_blur,k=21,African,0.3946666666666667,0.3473137617111206,0.0,0.992,0.691735029220581,0.01,0.955,0.5913309454917908,0.001,0.9836666666666667,0.6507856845855713
motion_blur,k=21,Asian,0.3496666666666667,0.37936264276504517,0.0,0.9846666666666667,0.7337195873260498,0.01,0.913,0.6264077425003052,0.001,0.9663333333333334,0.6920647621154785
motion_blur,k=21,Caucasian,0.3235,0.3385838270187378,0.0,0.972,0.6737565994262695,0.01,0.856,0.5544357299804688,0.001,0.9426666666666667,0.6219949722290039
motion_blur,k=21,Indian,0.3361666666666666,0.3706686496734619,0.0,0.9893333333333333,0.7249251008033752,0.01,0.904,0.5984804630279541,0.001,0.9656666666666667,0.6575397849082947
motion_blur,k=21,overall,0.352875,0.3585788607597351,0.0,0.9914166666666666,0.7317345142364502,0.010166666666666666,0.91325,0.5984804630279541,0.001,0.9689166666666666,0.6664698123931885
motion_blur,k=29,African,0.44966666666666666,0.3846559524536133,0.0,0.9993333333333333,0.811525285243988,0.01,0.9733333333333334,0.6318736672401428,0.001,0.9913333333333333,0.6869133710861206
motion_blur,k=29,Asian,0.3893333333333333,0.38309383392333984,0.0,0.992,0.7383767366409302,0.01,0.9386666666666666,0.6214407682418823,0.001,0.984,0.7006776332855225
motion_blur,k=29,Caucasian,0.37016666666666664,0.3720884919166565,0.0,0.98,0.6845917701721191,0.01,0.9076666666666666,0.5910695791244507,0.001,0.9746666666666667,0.6687726378440857
motion_blur,k=29,Indian,0.3776666666666667,0.40060263872146606,0.0,0.9913333333333333,0.7251275181770325,0.01,0.937,0.6312198042869568,0.001,0.9853333333333333,0.7034342288970947
motion_blur,k=29,overall,0.39741666666666664,0.3852713108062744,0.0,0.9970833333333333,0.7733573913574219,0.01,0.9450833333333333,0.6230350732803345,0.001,0.9835,0.6869133710861206
original,,African,0.05733333333333332,0.3874516487121582,0.0,0.41533333333333333,0.5322272777557373,0.010333333333333333,0.16666666666666663,0.44978970289230347,0.001,0.39,0.5248627066612244
original,,Asian,0.05883333333333332,0.3458709716796875,0.0,0.569,0.5556145906448364,0.01,0.16100000000000003,0.4165755808353424,0.001,0.3666666666666667,0.49640047550201416
original,,Caucasian,0.04000000000000002,0.3394286632537842,0.0,0.20966666666666667,0.45412489771842957,0.01,0.09399999999999997,0.39099645614624023,0.001,0.18600000000000005,0.4432491064071655
original,,Indian,0.053333333333333344,0.35916101932525635,0.0,0.2676666666666667,0.4853648841381073,0.01,0.11066666666666669,0.41072243452072144,0.001,0.22299999999999998,0.46750396490097046
original,,overall,0.05449999999999999,0.3601016402244568,0.0,0.5327500000000001,0.5556145906448364,0.01,0.1356666666666667,0.42089518904685974,0.001,0.3159166666666666,0.4944778382778168
